carrera,campus,modalidad,umbral_2026,umbral_historico_min,anio_historico_min,umbral_final,fuente_umbral,presentaron_2026,pasaron_2026,convocados_examen_control,oferta_2026,seleccionados_2026
ADMINISTRACION,FACULTAD DE CONTADURÍA Y ADMINISTRACIÓN,escolarizado,108,87.0,2021.0,87,2021,5958,429,2111,390.0,448.0
DERECHO,FACULTAD DE DERECHO,escolarizado,105,82.0,2022.0,82,2022,4935,578,2089,586.0,606.0
CONTADURIA,FACULTAD DE CONTADURÍA Y ADMINISTRACIÓN,escolarizado,104,80.0,2021.0,80,2021,4389,567,2060,580.0,587.0
MEDICO CIRUJANO,FACULTAD DE MEDICINA,escolarizado,117,111.0,2021.0,111,2021,13144,271,1701,176.0,279.0
PSICOLOGIA,FES IZTACALA,suayed,85,60.0,2021.0,60,2021,2520,578,1423,600.0,612.0
DERECHO,FES ARAGÓN,escolarizado,93,63.0,2021.0,63,2021,2477,541,1416,249.0,554.0
MEDICO CIRUJANO,FES IZTACALA,escolarizado,115,105.0,2021.0,105,2021,5521,198,1260,100.0,205.0
ARQUITECTURA,FACULTAD DE ARQUITECTURA,escolarizado,108,90.0,2022.0,90,2022,3939,266,1168,250.0,276.0
DERECHO,FACULTAD DE DERECHO,suayed,83,50.0,2024.0,50,2024,1531,436,1136,440.0,454.0
ECONOMIA,FACULTAD DE ECONOMÍA,escolarizado,96,68.0,2023.0,68,2023,1635,468,1127,475.0,482.0
CIRUJANO DENTISTA,FES IZTACALA,escolarizado,109,82.0,2021.0,82,2021,2516,179,1076,148.0,186.0
CIRUJANO DENTISTA,FES ZARAGOZA,escolarizado,109,78.0,2021.0,78,2021,2292,170,1042,125.0,174.0
CIRUJANO DENTISTA,FACULTAD DE ODONTOLOGÍA,escolarizado,112,90.0,2021.0,90,2021,2497,161,969,115.0,166.0
DERECHO,FES ACATLÁN,escolarizado,87,62.0,2023.0,62,2023,1623,464,934,199.0,471.0
ENFERMERIA,FES ZARAGOZA,escolarizado,103,74.0,2022.0,74,2022,2405,169,871,170.0,174.0
MEDICO CIRUJANO,FES ZARAGOZA,escolarizado,117,106.0,2021.0,106,2021,4268,70,775,50.0,71.0
PSICOLOGIA,FES IZTACALA,escolarizado,104,80.0,2021.0,80,2021,2126,162,673,110.0,168.0
CONTADURIA,FACULTAD DE CONTADURÍA Y ADMINISTRACIÓN,suayed,101,76.0,2024.0,76,2024,1574,195,667,185.0,202.0
MEDICINA VETERINARIA Y ZOOTECNIA,FACULTAD DE MEDICINA VETERINARIA Y ZOOTECNIA,escolarizado,113,99.0,2021.0,99,2021,3403,122,656,85.0,126.0
PSICOLOGIA,FES ZARAGOZA,escolarizado,105,81.0,2021.0,81,2021,2403,146,656,150.0,152.0
MEDICINA VETERINARIA Y ZOOTECNIA,FES CUAUTITLÁN,escolarizado,107,86.0,2021.0,86,2021,2113,135,655,115.0,136.0
ENFERMERIA,FES IZTACALA,escolarizado,102,73.0,2021.0,73,2021,1588,164,635,130.0,165.0
ARQUITECTURA,FES ARAGÓN,escolarizado,103,77.0,2022.0,77,2022,1603,103,605,95.0,106.0
COMUNICACION Y PERIODISMO,FES ARAGÓN,escolarizado,88,61.0,2024.0,61,2024,1016,241,594,145.0,243.0
ADMINISTRACION,FACULTAD DE CONTADURÍA Y ADMINISTRACIÓN,suayed,98,73.0,2024.0,73,2024,1387,175,591,180.0,182.0
PSICOLOGIA,FACULTAD DE PSICOLOGÍA,escolarizado,112,99.0,2021.0,99,2021,3526,134,582,80.0,141.0
INGENIERIA EN COMPUTACION,FACULTAD DE INGENIERÍA,escolarizado,109,94.0,2021.0,94,2021,2473,151,559,110.0,153.0
CONTADURIA,FES CUAUTITLÁN,escolarizado,74,57.0,2022.0,57,2022,862,353,555,325.0,356.0
PEDAGOGIA,FES ARAGÓN,escolarizado,92,66.0,2021.0,66,2021,1352,138,548,135.0,138.0
ADMINISTRACION,FES CUAUTITLÁN,escolarizado,81,59.0,2023.0,59,2023,909,264,525,240.0,264.0
PSICOLOGIA,FACULTAD DE PSICOLOGÍA,abierta,93,69.0,2022.0,69,2022,1104,189,521,200.0,208.0
PEDAGOGIA,FACULTAD DE FILOSOFÍA Y LETRAS,escolarizado,94,70.0,2021.0,70,2021,1376,157,504,150.0,161.0
ENFERMERIA,FACULTAD DE ENFERMERIA Y OBSTETRICIA,escolarizado,99,75.0,2025.0,75,2025,1179,158,488,160.0,165.0
DERECHO,FACULTAD DE DERECHO,abierta,62,54.0,2023.0,54,2023,687,392,474,360.0,422.0
INGENIERIA CIVIL,FACULTAD DE INGENIERÍA,escolarizado,104,82.0,2022.0,82,2022,1237,128,474,130.0,133.0
INGENIERIA EN COMPUTACION,FES ARAGÓN,escolarizado,104,79.0,2022.0,79,2022,1442,100,461,82.0,100.0
COMUNICACION,FES ACATLÁN,escolarizado,91,65.0,2024.0,65,2024,763,158,446,80.0,167.0
ARQUITECTURA,FES ACATLÁN,escolarizado,99,77.0,2025.0,77,2025,1244,108,446,86.0,110.0
TRABAJO SOCIAL,ESCUELA NACIONAL DE TRABAJO SOCIAL,escolarizado,47,45.0,2024.0,45,2024,659,418,443,340.0,424.0
INGENIERIA ELECTRICA ELECTRONICA,FACULTAD DE INGENIERÍA,escolarizado,107,89.0,2023.0,89,2023,1249,110,427,100.0,113.0
RELACIONES INTERNACIONALES,FES ARAGÓN,escolarizado,105,85.0,2021.0,85,2021,1124,98,425,82.0,100.0
ECONOMIA,FACULTAD DE ECONOMÍA,suayed,82,55.0,2024.0,55,2024,516,211,423,215.0,226.0
ODONTOLOGIA,ESCUELA NAL. DE ESTUDIOS SUP. UNIDAD LEÓN,escolarizado,105,73.0,2023.0,73,2023,871,80,418,65.0,80.0
ENFERMERIA Y OBSTETRICIA,FACULTAD DE ENFERMERIA Y OBSTETRICIA,escolarizado,108,87.0,2023.0,87,2023,1593,71,405,70.0,74.0
BIOLOGIA,FACULTAD DE CIENCIAS,escolarizado,106,91.0,2022.0,91,2022,1222,154,401,130.0,156.0
CONTADURIA,FACULTAD DE CONTADURÍA Y ADMINISTRACIÓN,abierta,97,69.0,2021.0,69,2021,713,120,400,125.0,129.0
INGENIERIA MECANICA,FACULTAD DE INGENIERÍA,escolarizado,110,95.0,2021.0,95,2021,1732,83,392,64.0,85.0
ECONOMIA,FES ARAGÓN,escolarizado,93,63.0,2023.0,63,2023,602,130,387,130.0,132.0
ACTUARIA,FACULTAD DE CIENCIAS,escolarizado,113,101.0,2023.0,101,2023,1354,84,386,70.0,86.0
INGENIERIA INDUSTRIAL,FACULTAD DE INGENIERÍA,escolarizado,108,85.0,2022.0,85,2022,977,77,380,71.0,80.0
INGENIERIA CIVIL,FES ARAGÓN,escolarizado,87,60.0,2022.0,60,2022,656,143,379,142.0,144.0
RELACIONES INTERNACIONALES,FES ACATLÁN,escolarizado,103,81.0,2023.0,81,2023,804,104,371,63.0,106.0
PEDAGOGIA,FACULTAD DE FILOSOFÍA Y LETRAS,abierta,101,62.0,2021.0,62,2021,745,48,355,50.0,51.0
CIENCIAS DE LA COMUNICACION,FACULTAD DE CIENCIAS POLÍTICAS Y SOCIALES,escolarizado,109,94.0,2021.0,94,2021,1370,72,353,69.0,77.0
MATEMATICAS APLICADAS Y COMPUTACION,FES ACATLÁN,escolarizado,59,45.0,2023.0,45,2023,419,259,352,260.0,265.0
BIOLOGIA,FES IZTACALA,escolarizado,94,69.0,2023.0,69,2023,668,119,342,110.0,119.0
ECONOMIA,FES ACATLÁN,escolarizado,87,60.0,2023.0,60,2023,525,140,337,140.0,146.0
QUIMICA FARMACEUTICO BIOLOGICA,FACULTAD DE QUÍMICA,escolarizado,113,104.0,2022.0,104,2022,2138,104,331,60.0,106.0
ADMINISTRACION,FACULTAD DE CONTADURÍA Y ADMINISTRACIÓN,abierta,101,67.0,2023.0,67,2023,619,78,328,80.0,82.0
DISEÑO Y COMUNICACION VISUAL,FES CUAUTITLÁN,suayed,82,71.0,2025.0,71,2025,745,186,318,135.0,196.0
PEDAGOGIA,FES ACATLÁN,escolarizado,92,67.0,2025.0,67,2025,880,86,312,85.0,86.0
INGENIERIA CIVIL,FES ACATLÁN,escolarizado,89,61.0,2022.0,61,2022,548,101,303,104.0,104.0
INGENIERIA MECANICA ELECTRICA,FES CUAUTITLÁN,escolarizado,86,60.0,2023.0,60,2023,579,107,298,106.0,107.0
TEATRO Y ACTUACION,FACULTAD DE MÚSICA,escolarizado,62,65.0,2025.0,62,2026,560,292,292,174.0,300.0
CIENCIAS POLITICAS Y ADMON PUBLICA,FACULTAD DE CIENCIAS POLÍTICAS Y SOCIALES,suayed,69,48.0,2021.0,48,2021,331,180,288,185.0,187.0
RELACIONES INTERNACIONALES,FACULTAD DE CIENCIAS POLÍTICAS Y SOCIALES,suayed,83,57.0,2024.0,57,2024,401,131,288,130.0,137.0
INGENIERIA PETROLERA,FACULTAD DE INGENIERÍA,escolarizado,98,59.0,2023.0,59,2023,447,62,287,62.0,62.0
INGENIERIA MECANICA,FES ARAGÓN,escolarizado,104,78.0,2024.0,78,2024,791,41,284,39.0,41.0
NUTRIOLOGIA,FES ZARAGOZA,escolarizado,109,94.0,2022.0,94,2022,1373,69,282,55.0,69.0
BIOLOGIA,FES ZARAGOZA,escolarizado,95,74.0,2021.0,74,2021,676,118,278,105.0,124.0
ACTUARIA,FES ACATLÁN,escolarizado,108,87.0,2023.0,87,2023,650,53,266,51.0,54.0
QUIMICA FARMACEUTICO BIOLOGICA,FES ZARAGOZA,escolarizado,108,97.0,2022.0,97,2022,1335,81,259,55.0,82.0
INGENIERIA ELECTRICA ELECTRONICA,FES ARAGÓN,escolarizado,96,68.0,2022.0,68,2022,510,67,259,63.0,67.0
CIENCIAS DE LA COMUNICACION,FACULTAD DE CIENCIAS POLÍTICAS Y SOCIALES,suayed,53,40.0,2023.0,40,2023,283,201,257,210.0,213.0
INGENIERIA QUIMICA,FES ZARAGOZA,escolarizado,80,51.0,2022.0,51,2022,327,111,253,108.0,112.0
RELACIONES INTERNACIONALES,FACULTAD DE CIENCIAS POLÍTICAS Y SOCIALES,escolarizado,112,98.0,2022.0,98,2022,974,37,251,39.0,39.0
CIENCIAS POLITICAS Y ADMON PUBLICA,FES ACATLÁN,escolarizado,84,44.0,2022.0,44,2022,273,89,243,70.0,91.0
INGENIERIA EN ALIMENTOS,FES CUAUTITLÁN,escolarizado,61,57.0,2022.0,57,2022,384,215,234,121.0,215.0
DERECHO,FES ARAGÓN,abierta,70,50.0,2024.0,50,2024,306,134,221,105.0,136.0
INGENIERIA INDUSTRIAL,FES ARAGÓN,escolarizado,99,74.0,2023.0,74,2023,548,54,220,50.0,56.0
CIENCIAS POLITICAS Y ADMON PUBLICA,FACULTAD DE CIENCIAS POLÍTICAS Y SOCIALES,escolarizado,104,83.0,2022.0,83,2022,548,65,217,61.0,68.0
ECONOMIA,FACULTAD DE ECONOMÍA,abierta,86,55.0,2024.0,55,2024,242,102,203,110.0,112.0
MATEMATICAS,FACULTAD DE CIENCIAS,escolarizado,94,75.0,2022.0,75,2022,289,120,203,121.0,125.0
TRABAJO SOCIAL,ESCUELA NACIONAL DE TRABAJO SOCIAL,suayed,56,47.0,2023.0,47,2023,309,142,195,140.0,148.0
CIENCIAS DE LA COMUNICACION,FACULTAD DE CIENCIAS POLÍTICAS Y SOCIALES,abierta,90,55.0,2021.0,55,2021,251,82,191,84.0,86.0
ARTES VISUALES,FACULTAD DE ARTES Y DISEÑO,escolarizado,102,96.0,2025.0,96,2025,1502,99,191,90.0,102.0
"ING. EN TELECOMUNICACIONES, SISTEMAS Y ELECTRONICA",FES CUAUTITLÁN,escolarizado,80,57.0,2023.0,57,2023,337,92,187,90.0,92.0
SOCIOLOGIA,FACULTAD DE CIENCIAS POLÍTICAS Y SOCIALES,suayed,63,40.0,2021.0,40,2021,200,132,187,135.0,137.0
FISIOTERAPIA,ESCUELA NAL. DE ESTUDIOS SUP. UNIDAD LEÓN,escolarizado,89,60.0,2024.0,60,2024,364,68,177,63.0,68.0
DERECHO,FES ACATLÁN,abierta,52,42.0,2023.0,42,2023,206,142,172,130.0,150.0
CIENCIAS DE LA COMPUTACION,FACULTAD DE CIENCIAS,escolarizado,113,102.0,2022.0,102,2022,1013,44,171,40.0,47.0
DISEÑO Y COMUNICACION VISUAL,FACULTAD DE ARTES Y DISEÑO,escolarizado,108,99.0,2024.0,99,2024,1215,54,162,50.0,55.0
ADMINISTRACION,"ESCUELA NAL. DE ESTUDIOS SUP. OAXACA, OAX.",escolarizado,67,,,67,2026*,412,160,160,40.0,160.0
INGENIERIA QUIMICA,FES CUAUTITLÁN,escolarizado,85,56.0,2023.0,56,2023,234,67,158,66.0,67.0
DISEÑO INDUSTRIAL,FES ARAGÓN,escolarizado,106,85.0,2022.0,85,2022,642,25,157,23.0,26.0
DISEÑO GRAFICO,FES ACATLÁN,escolarizado,106,93.0,2021.0,93,2021,1104,42,156,36.0,42.0
INGENIERIA INDUSTRIAL,FES CUAUTITLÁN,escolarizado,95,68.0,2023.0,68,2023,399,44,155,41.0,44.0
QUIMICA INDUSTRIAL,FES CUAUTITLÁN,escolarizado,82,53.0,2023.0,53,2023,221,63,155,60.0,65.0
CONTADURIA,"ESCUELA NAL. DE ESTUDIOS SUP. OAXACA, OAX.",escolarizado,72,,,72,2026*,396,153,153,40.0,154.0
HISTORIA,FACULTAD DE FILOSOFÍA Y LETRAS,escolarizado,78,67.0,2024.0,67,2024,301,84,152,35.0,87.0
ANTROPOLOGIA,FACULTAD DE CIENCIAS POLÍTICAS Y SOCIALES,escolarizado,83,71.0,2024.0,71,2024,275,94,152,90.0,95.0
FARMACIA,FES CUAUTITLÁN,escolarizado,79,59.0,2024.0,59,2024,221,89,147,85.0,89.0
SOCIOLOGIA,FACULTAD DE CIENCIAS POLÍTICAS Y SOCIALES,escolarizado,88,62.0,2022.0,62,2022,185,65,145,66.0,67.0
QUIMICA DE ALIMENTOS,FACULTAD DE QUÍMICA,escolarizado,106,91.0,2025.0,91,2025,473,47,142,48.0,48.0
INGENIERIA QUIMICA,FACULTAD DE QUÍMICA,escolarizado,108,94.0,2023.0,94,2023,544,53,141,55.0,56.0
CIENCIAS POLITICAS Y ADMON PUBLICA,FACULTAD DE CIENCIAS POLÍTICAS Y SOCIALES,abierta,70,43.0,2022.0,43,2022,151,80,141,84.0,85.0
FISICA,FACULTAD DE CIENCIAS,escolarizado,108,104.0,2025.0,104,2025,723,89,134,80.0,90.0
BIOQUIMICA DIAGNOSTICA,FES CUAUTITLÁN,escolarizado,101,80.0,2022.0,80,2022,338,28,128,25.0,29.0
ENSEÑANZA DE INGLES,FES ACATLÁN,escolarizado,40,45.0,2024.0,40,2026,133,128,128,98.0,130.0
INGENIERIA AGRICOLA,FES CUAUTITLÁN,escolarizado,68,56.0,2022.0,56,2022,239,83,126,69.0,84.0
INFORMATICA,FES CUAUTITLÁN,escolarizado,78,60.0,2025.0,60,2025,219,76,125,75.0,78.0
HISTORIA,FACULTAD DE FILOSOFÍA Y LETRAS,abierta,84,65.0,2024.0,65,2024,168,45,120,47.0,52.0
ENSEÑANZA DE INGLES COMO LENGUA EXTRANJERA,FES ACATLÁN,suayed,70,46.0,2023.0,46,2023,151,58,120,59.0,63.0
SOCIOLOGIA,FES ARAGÓN,escolarizado,56,45.0,2024.0,45,2024,142,96,118,47.0,97.0
DISEÑO Y COMUNICACION VISUAL,FES CUAUTITLÁN,escolarizado,101,87.0,2025.0,87,2025,603,31,117,30.0,32.0
OPTOMETRIA,FES IZTACALA,escolarizado,97,73.0,2021.0,73,2021,274,39,115,37.0,39.0
RELACIONES INTERNACIONALES,FACULTAD DE CIENCIAS POLÍTICAS Y SOCIALES,abierta,96,60.0,2021.0,60,2021,166,41,114,43.0,43.0
RELACIONES INTERNACIONALES,FES ACATLÁN,abierta,58,40.0,2022.0,40,2022,123,84,113,88.0,88.0
RELACIONES INTERNACIONALES,FES ARAGÓN,abierta,73,47.0,2023.0,47,2023,138,61,112,60.0,65.0
FILOSOFIA,FACULTAD DE FILOSOFÍA Y LETRAS,abierta,87,75.0,2023.0,75,2023,196,63,109,50.0,67.0
ARTE Y DISEÑO,ESCUELA NAL. DE ESTUDIOS SUP. UNIDAD MORELIA,escolarizado,41,58.0,2025.0,41,2026,121,108,108,75.0,108.0
SOCIOLOGIA,FES ACATLÁN,escolarizado,40,40.0,2022.0,40,2026,126,105,105,80.0,106.0
ECONOMIA,FES ARAGÓN,abierta,68,40.0,2023.0,40,2023,110,54,103,55.0,56.0
LENGUA Y LITERATURAS HISPANICAS,FACULTAD DE FILOSOFÍA Y LETRAS,escolarizado,64,69.0,2025.0,64,2026,173,103,103,45.0,106.0
LENGUA Y LITERATURAS HISPANICAS,FACULTAD DE FILOSOFÍA Y LETRAS,abierta,55,45.0,2023.0,45,2023,102,87,97,95.0,99.0
ARQUITECTURA DE PAISAJE,FACULTAD DE ARQUITECTURA,escolarizado,100,76.0,2023.0,76,2023,261,26,96,25.0,27.0
INGENIERIA EN TELECOMUNICACIONES,FACULTAD DE INGENIERÍA,escolarizado,101,81.0,2024.0,81,2024,199,25,96,25.0,26.0
BIBLIOTECOLOGIA Y ESTUDIOS DE LA INFORMACION,FACULTAD DE FILOSOFÍA Y LETRAS,escolarizado,53,41.0,2021.0,41,2021,115,67,95,55.0,70.0
FILOSOFIA,FACULTAD DE FILOSOFÍA Y LETRAS,escolarizado,89,81.0,2025.0,81,2025,260,64,92,50.0,67.0
INGENIERIA AEROESPACIAL,FACULTAD DE INGENIERÍA,escolarizado,115,111.0,2023.0,111,2023,1073,25,90,13.0,25.0
QUIMICA,FACULTAD DE QUÍMICA,escolarizado,109,97.0,2024.0,97,2024,375,32,87,32.0,32.0
ESTUDIOS LATINOAMERICANOS,FACULTAD DE FILOSOFÍA Y LETRAS,escolarizado,47,40.0,2022.0,40,2022,95,76,83,38.0,78.0
HISTORIA,FES ACATLÁN,escolarizado,40,45.0,2024.0,40,2026,90,82,82,47.0,83.0
SOCIOLOGIA,FACULTAD DE CIENCIAS POLÍTICAS Y SOCIALES,abierta,66,41.0,2021.0,41,2021,86,51,79,42.0,54.0
ECONOMIA INDUSTRIAL,ESCUELA NAL. DE ESTUDIOS SUP. UNIDAD LEÓN,escolarizado,54,58.0,2025.0,54,2026,133,78,78,70.0,78.0
RELACIONES INTERNACIONALES,ESCUELA NAL. DE ESTUDIOS SUP. UNIDAD LEÓN,escolarizado,52,,,52,2026*,103,77,77,45.0,78.0
DERECHO,ESCUELA NAL. DE ESTUDIOS SUP. UNIDAD MORELIA,escolarizado,40,,,40,2026*,94,77,77,45.0,79.0
LITERATURA DRAMATICA Y TEATRO,FACULTAD DE FILOSOFÍA Y LETRAS,escolarizado,102,92.0,2021.0,92,2021,347,32,76,32.0,33.0
COMUNICACION,ESCUELA NAL. DE ESTUDIOS SUP. UNIDAD LEÓN,escolarizado,41,,,41,2026*,82,75,75,45.0,75.0
PLANIF PARA EL DESARROLLO AGROPECUARIO,FES ARAGÓN,escolarizado,40,40.0,2022.0,40,2026,81,72,72,97.0,72.0
INGENIERIA GEOLOGICA,FACULTAD DE INGENIERÍA,escolarizado,87,57.0,2024.0,57,2024,98,28,71,30.0,30.0
CIENCIAS DE LA TIERRA,ESCUELA NACIONAL DE CIENCIAS DE LA TIERRA,escolarizado,73,63.0,2025.0,63,2025,113,54,70,55.0,55.0
GEOGRAFIA,FACULTAD DE FILOSOFÍA Y LETRAS,escolarizado,40,48.0,2022.0,40,2026,73,69,69,35.0,74.0
ADMINISTRACION DE ARCHIVOS Y GESTION DOCUMENTAL,ESCUELA NAL. DE ESTUDIOS SUP. UNIDAD MORELIA,suayed,45,40.0,2022.0,40,2022,88,65,69,60.0,71.0
TRABAJO SOCIAL,ESCUELA NACIONAL DE TRABAJO SOCIAL,abierta,73,52.0,2023.0,52,2023,135,35,68,35.0,36.0
FILOSOFIA,FES ACATLÁN,escolarizado,40,43.0,2023.0,40,2026,77,67,67,77.0,70.0
PSICOLOGIA,ESCUELA NAL. DE ESTUDIOS SUP. UNIDAD JURIQUILLA,escolarizado,80,,,80,2026*,196,67,67,40.0,68.0
LENGUA Y LITERATURAS MODERNAS (LETRAS INGLESAS),FACULTAD DE FILOSOFÍA Y LETRAS,escolarizado,42,40.0,2021.0,40,2021,70,67,67,125.0,70.0
INSTRUMENTISTA,FACULTAD DE MÚSICA,escolarizado,40,40.0,2021.0,40,2026,69,65,65,102.0,66.0
QUIMICA,FES CUAUTITLÁN,escolarizado,78,65.0,2024.0,65,2024,134,40,64,38.0,40.0
INGENIERIA EN COMPUTACION,ESCUELA NAL. DE ESTUDIOS SUP. UNIDAD JURIQUILLA,escolarizado,70,,,70,2026*,112,64,64,45.0,65.0
INGENIERIA DE MINAS Y METALURGIA,FACULTAD DE INGENIERÍA,escolarizado,90,62.0,2025.0,62,2025,101,24,63,24.0,24.0
LINGÜISTICA APLICADA,"ESCUELA NACIONAL DE LENGUAS, LINGÜÍSTICA Y TRADUCCIÓN",escolarizado,70,54.0,2024.0,54,2024,84,41,62,40.0,45.0
URBANISMO,FACULTAD DE ARQUITECTURA,escolarizado,99,71.0,2024.0,71,2024,106,24,62,25.0,26.0
ARTE Y DISEÑO,"PLANTEL TAXCO, GRO",escolarizado,49,45.0,2024.0,45,2024,81,53,60,45.0,55.0
MATEMATICAS APLICADAS,FACULTAD DE CIENCIAS,escolarizado,100,93.0,2022.0,93,2022,147,41,60,32.0,41.0
LENGUA Y LITERATURAS HISPANICAS,FES ACATLÁN,escolarizado,40,47.0,2024.0,40,2026,58,58,58,45.0,58.0
DESARROLLO COMUNITARIO PARA EL ENVEJECIMIENTO,FES ZARAGOZA,escolarizado,49,40.0,2023.0,40,2023,79,50,58,50.0,50.0
INGENIERIA GEOMATICA,FACULTAD DE INGENIERÍA,escolarizado,87,49.0,2021.0,49,2021,75,26,57,26.0,26.0
ORTESIS Y PROTESIS,ESCUELA NAL. DE ESTUDIOS SUP. UNIDAD JURIQUILLA,escolarizado,90,72.0,2025.0,72,2025,108,29,54,25.0,29.0
ECOLOGIA,FES IZTACALA,escolarizado,85,63.0,2024.0,63,2024,92,27,53,27.0,27.0
TECNOLOGIA,ESCUELA NAL. DE ESTUDIOS SUP. UNIDAD JURIQUILLA,escolarizado,45,81.0,2025.0,45,2026,54,52,52,35.0,52.0
ENFERMERIA,TLAXCALA,escolarizado,87,50.0,2023.0,50,2023,81,20,52,8.0,20.0
INGENIERIA EN ENERGIAS RENOVABLES,ESCUELA NAL. DE ESTUDIOS SUP. UNIDAD JURIQUILLA,escolarizado,67,,,67,2026*,66,50,50,35.0,50.0
ENSEÑANZA DE ESPAÑOL COMO LENGUA EXTRANJERA,FES ACATLÁN,suayed,45,40.0,2021.0,40,2021,51,47,49,59.0,48.0
TRADUCCION,"ESCUELA NACIONAL DE LENGUAS, LINGÜÍSTICA Y TRADUCCIÓN",escolarizado,107,100.0,2024.0,100,2024,281,19,47,19.0,19.0
OPTOMETRIA,ESCUELA NAL. DE ESTUDIOS SUP. UNIDAD LEÓN,escolarizado,52,41.0,2021.0,41,2021,56,40,45,39.0,40.0
TURISMO Y DESARROLLO SOSTENIBLE,ESCUELA NAL. DE ESTUDIOS SUP. UNIDAD LEÓN,escolarizado,40,45.0,2024.0,40,2026,58,44,44,45.0,44.0
INGENIERIA QUIMICA METALURGICA,FACULTAD DE QUÍMICA,escolarizado,86,67.0,2024.0,67,2024,76,29,44,32.0,33.0
INGENIERIA AMBIENTAL,FACULTAD DE INGENIERÍA,escolarizado,105,91.0,2024.0,91,2024,155,18,44,19.0,19.0
GEOGRAFIA,FACULTAD DE FILOSOFÍA Y LETRAS,abierta,60,44.0,2021.0,44,2021,48,34,43,31.0,38.0
TECNOLOGIAS PARA LA INFORMACION EN CIENCIAS,ESCUELA NAL. DE ESTUDIOS SUP. UNIDAD MORELIA,escolarizado,43,40.0,2022.0,40,2022,46,43,43,50.0,45.0
CIENCIAS DE LA TIERRA,ESCUELA NAL. DE ESTUDIOS SUP. UNIDAD JURIQUILLA,escolarizado,40,57.0,2023.0,40,2026,46,41,41,35.0,41.0
ADMINISTRACION DE ARCHIVOS Y GESTION DOCUMENTAL,FACULTAD DE FILOSOFÍA Y LETRAS,escolarizado,82,54.0,2024.0,54,2024,82,15,41,15.0,15.0
PSICOLOGIA,TLAXCALA,escolarizado,92,50.0,2025.0,50,2025,66,8,41,8.0,8.0
FISICA BIOMEDICA,FACULTAD DE CIENCIAS,escolarizado,109,101.0,2021.0,101,2021,228,13,37,13.0,13.0
INGENIERIA GEOFISICA,FACULTAD DE INGENIERÍA,escolarizado,80,61.0,2023.0,61,2023,61,20,36,22.0,22.0
COMPOSICION,FACULTAD DE MÚSICA,escolarizado,45,45.0,2025.0,45,2026,46,35,35,21.0,35.0
ADMINISTRACION AGROPECUARIA,ESCUELA NAL. DE ESTUDIOS SUP. UNIDAD LEÓN,escolarizado,42,40.0,2023.0,40,2023,41,32,32,35.0,32.0
INGENIERIA EN ENERGIAS RENOVABLES,CENTRO DE INVESTIGACIÓN EN ENERGÍA,escolarizado,41,,,41,2026*,35,32,32,30.0,32.0
MUSICA Y TECNOLOGIA ARTISTICA,ESCUELA NAL. DE ESTUDIOS SUP. UNIDAD MORELIA,escolarizado,49,41.0,2024.0,41,2024,32,29,31,25.0,30.0
CIENCIAS AGROFORESTALES,ESCUELA NAL. DE ESTUDIOS SUP. UNIDAD MORELIA,escolarizado,40,40.0,2023.0,40,2026,34,30,30,40.0,30.0
MATEMATICAS PARA EL DESARROLLO,ESCUELA NAL. DE ESTUDIOS SUP. UNIDAD JURIQUILLA,escolarizado,40,83.0,2025.0,40,2026,30,30,30,35.0,31.0
CIENCIAS AMBIENTALES,ESCUELA NAL. DE ESTUDIOS SUP. UNIDAD MORELIA,escolarizado,41,41.0,2021.0,41,2026,29,29,29,40.0,29.0
LETRAS CLASICAS,FACULTAD DE FILOSOFÍA Y LETRAS,escolarizado,64,65.0,2024.0,64,2026,47,29,29,20.0,32.0
CIENCIAS AMBIENTALES,ESCUELA NAL. DE ESTUDIOS SUP. UNIDAD MÉRIDA,escolarizado,41,45.0,2023.0,41,2026,30,29,29,50.0,29.0
BIOLOGIA,TLAXCALA,escolarizado,64,55.0,2025.0,55,2025,33,24,28,15.0,25.0
MANEJO SUSTENTABLE DE ZONAS COSTERAS,ESCUELA NAL. DE ESTUDIOS SUP. UNIDAD MÉRIDA,escolarizado,45,40.0,2022.0,40,2022,33,28,28,40.0,29.0
INGENIERIA EN COMPUTACION,ESCUELA NAL. DE ESTUDIOS SUP. UNIDAD MÉRIDA,escolarizado,44,,,44,2026*,34,27,27,25.0,27.0
ADMINISTRACION,ESCUELA NAL. DE ESTUDIOS SUP. UNIDAD MORELIA,escolarizado,41,,,41,2026*,31,27,27,45.0,27.0
BIOLOGIA,ESCUELA NAL. DE ESTUDIOS SUP. UNIDAD MÉRIDA,escolarizado,78,,,78,2026*,80,26,26,25.0,26.0
DESARROLLO Y GESTION INTERCULTURALES,FACULTAD DE FILOSOFÍA Y LETRAS,escolarizado,85,75.0,2025.0,75,2025,66,16,26,17.0,17.0
HISTORIA,"ESCUELA NAL. DE ESTUDIOS SUP. OAXACA, OAX.",escolarizado,54,,,54,2026*,34,25,25,20.0,25.0
LENGUA Y LITERATURAS MODERNAS (LETRAS INGLESAS),FACULTAD DE FILOSOFÍA Y LETRAS,abierta,69,56.0,2021.0,56,2021,26,22,25,16.0,23.0
CIENCIAS AGROGENOMICAS,ESCUELA NAL. DE ESTUDIOS SUP. UNIDAD LEÓN,escolarizado,80,62.0,2025.0,62,2025,55,18,25,17.0,18.0
CANTO,FACULTAD DE MÚSICA,escolarizado,41,45.0,2023.0,41,2026,33,24,24,19.0,24.0
SOCIOLOGIA APLICADA,ESCUELA NAL. DE ESTUDIOS SUP. UNIDAD MÉRIDA,escolarizado,42,49.0,2025.0,42,2026,23,23,23,25.0,23.0
GEOGRAFIA APLICADA,ESCUELA NACIONAL DE CIENCIAS DE LA TIERRA,escolarizado,45,46.0,2024.0,45,2026,22,21,21,30.0,22.0
CIENCIA DE MATERIALES SUSTENTABLES,ESCUELA NAL. DE ESTUDIOS SUP. UNIDAD MORELIA,escolarizado,40,41.0,2021.0,40,2026,22,20,20,44.0,20.0
GEOCIENCIAS,ESCUELA NAL. DE ESTUDIOS SUP. UNIDAD MORELIA,escolarizado,49,44.0,2023.0,44,2023,22,20,20,40.0,20.0
LENGUA Y LITERATURAS MODERNAS (LETRAS ITALIANAS),FACULTAD DE FILOSOFÍA Y LETRAS,escolarizado,43,40.0,2022.0,40,2022,23,20,20,23.0,20.0
ECOLOGIA,ESCUELA NAL. DE ESTUDIOS SUP. UNIDAD MÉRIDA,escolarizado,40,40.0,2022.0,40,2026,21,20,20,22.0,20.0
PIANO,FACULTAD DE MÚSICA,escolarizado,44,41.0,2022.0,41,2022,20,19,19,33.0,20.0
EDUCACION MUSICAL,FACULTAD DE MÚSICA,escolarizado,40,40.0,2021.0,40,2026,22,18,18,28.0,18.0
HISTORIA DEL ARTE,ESCUELA NAL. DE ESTUDIOS SUP. UNIDAD MORELIA,escolarizado,41,43.0,2023.0,41,2026,19,18,18,40.0,18.0
ECOLOGIA,ESCUELA NAL. DE ESTUDIOS SUP. UNIDAD MORELIA,escolarizado,52,41.0,2023.0,41,2023,17,17,17,40.0,18.0
DESARROLLO Y GESTION INTERCULTURALES,ESCUELA NAL. DE ESTUDIOS SUP. UNIDAD MÉRIDA,escolarizado,40,40.0,2022.0,40,2026,18,15,15,29.0,15.0
LITERATURA INTERCULTURAL,ESCUELA NAL. DE ESTUDIOS SUP. UNIDAD MORELIA,escolarizado,47,40.0,2023.0,40,2023,14,14,14,40.0,14.0
TRADUCCION,"SAN MIGUEL DE ALLENDE, GUANAJUATO",escolarizado,40,42.0,2023.0,40,2026,14,13,13,32.0,14.0
ESTUDIOS SOCIALES Y GESTION LOCAL,ESCUELA NAL. DE ESTUDIOS SUP. UNIDAD MORELIA,escolarizado,53,42.0,2021.0,42,2021,15,13,13,40.0,14.0
DESARROLLO Y GESTION INTERCULTURALES,ESCUELA NAL. DE ESTUDIOS SUP. UNIDAD LEÓN,escolarizado,48,40.0,2021.0,40,2021,14,11,11,36.0,11.0
CIENCIAS DE LA TIERRA,ESCUELA NAL. DE ESTUDIOS SUP. UNIDAD MÉRIDA,escolarizado,47,40.0,2022.0,40,2022,8,8,8,28.0,8.0
ETNOMUSICOLOGIA,FACULTAD DE MÚSICA,escolarizado,40,42.0,2021.0,40,2026,8,8,8,20.0,8.0
DESARROLLO TERRITORIAL,ESCUELA NAL. DE ESTUDIOS SUP. UNIDAD LEÓN,escolarizado,57,40.0,2021.0,40,2021,7,7,7,36.0,7.0
GEOGRAFIA APLICADA,ESCUELA NAL. DE ESTUDIOS SUP. UNIDAD MÉRIDA,escolarizado,41,41.0,2021.0,41,2026,8,7,7,23.0,7.0
LENGUA Y LITERATURAS MODERNAS (LETRAS FRANCESAS),FACULTAD DE FILOSOFÍA Y LETRAS,escolarizado,42,41.0,2021.0,41,2021,8,7,7,37.0,7.0
LENGUA Y LITERATURAS MODERNAS (LETRAS PORTUGUESAS),FACULTAD DE FILOSOFÍA Y LETRAS,escolarizado,63,42.0,2021.0,42,2021,9,7,7,19.0,7.0
GEOHISTORIA,ESCUELA NAL. DE ESTUDIOS SUP. UNIDAD MORELIA,escolarizado,63,41.0,2021.0,41,2021,6,6,6,40.0,6.0
LENGUA Y LITERATURAS MODERNAS (LETRAS ALEMANAS),FACULTAD DE FILOSOFÍA Y LETRAS,escolarizado,63,41.0,2021.0,41,2021,4,4,4,27.0,5.0
DESARROLLO COMUNITARIO PARA EL ENVEJECIMIENTO,TLAXCALA,escolarizado,96,40.0,2023.0,40,2023,4,1,1,50.0,1.0
