carrera,campus,modalidad,min_2021,min_2022,min_2023,min_2024,min_2025,min_2026,min_control,sel_2021,sel_2022,sel_2023,sel_2024,sel_2025,sel_2026,sel_control,inc_25_26
DESARROLLO COMUNITARIO PARA EL ENVEJECIMIENTO,TLAXCALA,escolarizado,,,40.0,45.0,52.0,96.0,0.0,,,2.0,0.0,3.0,1.0,0.0,44
PSICOLOGIA,TLAXCALA,escolarizado,,,55.0,60.0,50.0,92.0,48.0,,,20.0,16.0,28.0,8.0,15.0,42
PEDAGOGIA,FACULTAD DE FILOSOFÍA Y LETRAS,abierta,62.0,64.0,63.0,70.0,68.0,101.0,60.0,54.0,53.0,63.0,50.0,51.0,51.0,87.0,33
ENFERMERIA,TLAXCALA,escolarizado,,,50.0,60.0,56.0,87.0,40.0,,,20.0,17.0,19.0,20.0,19.0,31
FISIOTERAPIA,ESCUELA NAL. DE ESTUDIOS SUP. UNIDAD LEÓN,escolarizado,69.0,68.0,62.0,60.0,61.0,89.0,46.0,67.0,59.0,67.0,77.0,68.0,68.0,78.0,28
INGENIERIA DE MINAS Y METALURGIA,FACULTAD DE INGENIERÍA,escolarizado,85.0,80.0,72.0,71.0,62.0,90.0,53.0,24.0,25.0,25.0,26.0,27.0,24.0,24.0,28
ADMINISTRACION DE ARCHIVOS Y GESTION DOCUMENTAL,FACULTAD DE FILOSOFÍA Y LETRAS,escolarizado,73.0,65.0,61.0,54.0,55.0,82.0,48.0,15.0,15.0,21.0,16.0,16.0,15.0,18.0,27
INGENIERIA PETROLERA,FACULTAD DE INGENIERÍA,escolarizado,72.0,61.0,59.0,70.0,72.0,98.0,61.0,64.0,90.0,147.0,63.0,63.0,62.0,63.0,26
ENFERMERIA,FES IZTACALA,escolarizado,73.0,74.0,82.0,76.0,77.0,102.0,50.0,145.0,134.0,131.0,136.0,132.0,165.0,168.0,25
PEDAGOGIA,FES ACATLÁN,escolarizado,71.0,68.0,73.0,69.0,67.0,92.0,48.0,87.0,88.0,85.0,91.0,91.0,86.0,114.0,25
PSICOLOGIA,FES IZTACALA,suayed,60.0,62.0,63.0,62.0,60.0,85.0,46.0,634.0,605.0,606.0,600.0,644.0,612.0,619.0,25
CIENCIAS DE LA COMUNICACION,FACULTAD DE CIENCIAS POLÍTICAS Y SOCIALES,abierta,55.0,60.0,55.0,65.0,66.0,90.0,53.0,117.0,94.0,87.0,85.0,87.0,86.0,88.0,24
COMUNICACION Y PERIODISMO,FES ARAGÓN,escolarizado,76.0,69.0,63.0,61.0,64.0,88.0,55.0,149.0,255.0,309.0,294.0,274.0,243.0,248.0,24
ENFERMERIA,FACULTAD DE ENFERMERIA Y OBSTETRICIA,escolarizado,,,80.0,79.0,75.0,99.0,53.0,,,135.0,131.0,161.0,165.0,171.0,24
ENFERMERIA,FES ZARAGOZA,escolarizado,77.0,74.0,83.0,78.0,79.0,103.0,58.0,179.0,183.0,169.0,182.0,180.0,174.0,174.0,24
ADMINISTRACION,FACULTAD DE CONTADURÍA Y ADMINISTRACIÓN,abierta,75.0,76.0,67.0,76.0,78.0,101.0,65.0,84.0,86.0,120.0,84.0,82.0,82.0,84.0,23
ADMINISTRACION,FACULTAD DE CONTADURÍA Y ADMINISTRACIÓN,suayed,78.0,76.0,74.0,73.0,75.0,98.0,60.0,170.0,176.0,170.0,173.0,181.0,182.0,206.0,23
COMUNICACION,FES ACATLÁN,escolarizado,84.0,84.0,70.0,65.0,68.0,91.0,59.0,85.0,84.0,165.0,182.0,177.0,167.0,171.0,23
INGENIERIA CIVIL,FES ACATLÁN,escolarizado,68.0,61.0,64.0,63.0,66.0,89.0,51.0,106.0,105.0,108.0,116.0,105.0,104.0,106.0,23
QUIMICA INDUSTRIAL,FES CUAUTITLÁN,escolarizado,74.0,60.0,53.0,59.0,59.0,82.0,45.0,60.0,79.0,87.0,61.0,61.0,65.0,65.0,23
ARQUITECTURA,FES ACATLÁN,escolarizado,78.0,78.0,78.0,78.0,77.0,99.0,61.0,86.0,91.0,89.0,86.0,86.0,110.0,112.0,22
CONTADURIA,FACULTAD DE CONTADURÍA Y ADMINISTRACIÓN,abierta,69.0,72.0,72.0,75.0,75.0,97.0,65.0,128.0,130.0,130.0,127.0,127.0,129.0,129.0,22
CONTADURIA,FACULTAD DE CONTADURÍA Y ADMINISTRACIÓN,suayed,77.0,79.0,77.0,76.0,79.0,101.0,68.0,195.0,193.0,198.0,192.0,202.0,202.0,221.0,22
ECOLOGIA,FES IZTACALA,escolarizado,,71.0,70.0,63.0,63.0,85.0,40.0,,16.0,33.0,25.0,27.0,27.0,27.0,22
INGENIERIA GEOMATICA,FACULTAD DE INGENIERÍA,escolarizado,49.0,61.0,55.0,67.0,65.0,87.0,54.0,33.0,36.0,37.0,26.0,28.0,26.0,26.0,22
INGENIERIA QUIMICA,FES CUAUTITLÁN,escolarizado,74.0,66.0,56.0,62.0,63.0,85.0,46.0,70.0,68.0,87.0,66.0,71.0,67.0,67.0,22
ODONTOLOGIA,ESCUELA NAL. DE ESTUDIOS SUP. UNIDAD LEÓN,escolarizado,75.0,75.0,73.0,80.0,83.0,105.0,69.0,79.0,77.0,76.0,89.0,71.0,80.0,80.0,22
PEDAGOGIA,FES ARAGÓN,escolarizado,66.0,69.0,72.0,73.0,70.0,92.0,49.0,157.0,152.0,150.0,139.0,135.0,138.0,162.0,22
RELACIONES INTERNACIONALES,FACULTAD DE CIENCIAS POLÍTICAS Y SOCIALES,suayed,65.0,58.0,64.0,57.0,61.0,83.0,45.0,141.0,145.0,123.0,122.0,135.0,137.0,137.0,22
ADMINISTRACION,FES CUAUTITLÁN,escolarizado,68.0,66.0,59.0,59.0,60.0,81.0,43.0,245.0,251.0,293.0,251.0,256.0,264.0,271.0,21
ARQUITECTURA,FES ARAGÓN,escolarizado,78.0,77.0,78.0,80.0,82.0,103.0,65.0,97.0,102.0,96.0,96.0,98.0,106.0,106.0,21
DERECHO,FACULTAD DE DERECHO,suayed,57.0,54.0,54.0,50.0,62.0,83.0,47.0,740.0,749.0,754.0,739.0,442.0,454.0,469.0,21
ECONOMIA,FACULTAD DE ECONOMÍA,abierta,59.0,65.0,60.0,55.0,65.0,86.0,54.0,103.0,100.0,100.0,111.0,118.0,112.0,114.0,21
"ING. EN TELECOMUNICACIONES, SISTEMAS Y ELECTRONICA",FES CUAUTITLÁN,escolarizado,66.0,62.0,57.0,61.0,59.0,80.0,40.0,92.0,94.0,119.0,90.0,97.0,92.0,73.0,21
INGENIERIA INDUSTRIAL,FES ARAGÓN,escolarizado,75.0,76.0,74.0,76.0,78.0,99.0,53.0,51.0,53.0,57.0,51.0,53.0,56.0,56.0,21
RELACIONES INTERNACIONALES,FES ARAGÓN,abierta,53.0,52.0,47.0,50.0,52.0,73.0,43.0,61.0,60.0,69.0,66.0,74.0,65.0,67.0,21
ECONOMIA,FACULTAD DE ECONOMÍA,escolarizado,75.0,72.0,68.0,70.0,76.0,96.0,62.0,482.0,494.0,489.0,477.0,500.0,482.0,491.0,20
ENSEÑANZA DE INGLES COMO LENGUA EXTRANJERA,FES ACATLÁN,suayed,56.0,56.0,46.0,48.0,50.0,70.0,42.0,108.0,112.0,108.0,76.0,61.0,63.0,42.0,20
INGENIERIA INDUSTRIAL,FES CUAUTITLÁN,escolarizado,74.0,72.0,68.0,73.0,75.0,95.0,61.0,46.0,44.0,61.0,41.0,41.0,44.0,44.0,20
OPTOMETRIA,FES IZTACALA,escolarizado,73.0,73.0,75.0,75.0,77.0,97.0,49.0,48.0,37.0,37.0,38.0,37.0,39.0,42.0,20
BIOLOGIA,FES ZARAGOZA,escolarizado,74.0,76.0,79.0,76.0,76.0,95.0,56.0,125.0,124.0,121.0,127.0,108.0,124.0,129.0,19
CIENCIAS POLITICAS Y ADMON PUBLICA,FACULTAD DE CIENCIAS POLÍTICAS Y SOCIALES,suayed,48.0,48.0,51.0,50.0,50.0,69.0,41.0,207.0,204.0,186.0,162.0,163.0,187.0,154.0,19
CIRUJANO DENTISTA,FES IZTACALA,escolarizado,82.0,82.0,86.0,89.0,90.0,109.0,65.0,130.0,141.0,148.0,151.0,151.0,186.0,190.0,19
ECONOMIA,FES ACATLÁN,escolarizado,68.0,67.0,60.0,63.0,68.0,87.0,54.0,142.0,149.0,192.0,148.0,142.0,146.0,149.0,19
ECONOMIA,FES ARAGÓN,escolarizado,68.0,70.0,63.0,67.0,74.0,93.0,58.0,138.0,134.0,158.0,138.0,131.0,132.0,134.0,19
INGENIERIA CIVIL,FES ARAGÓN,escolarizado,63.0,60.0,66.0,65.0,68.0,87.0,49.0,152.0,152.0,144.0,144.0,152.0,144.0,145.0,19
INGENIERIA ELECTRICA ELECTRONICA,FES ARAGÓN,escolarizado,69.0,68.0,74.0,74.0,77.0,96.0,59.0,63.0,67.0,63.0,65.0,69.0,67.0,69.0,19
INGENIERIA MECANICA ELECTRICA,FES CUAUTITLÁN,escolarizado,65.0,63.0,60.0,63.0,67.0,86.0,41.0,109.0,113.0,133.0,107.0,109.0,107.0,112.0,19
LENGUA Y LITERATURAS MODERNAS (LETRAS PORTUGUESAS),FACULTAD DE FILOSOFÍA Y LETRAS,escolarizado,42.0,48.0,48.0,56.0,44.0,63.0,49.0,11.0,7.0,4.0,4.0,7.0,7.0,3.0,19
ADMINISTRACION,FACULTAD DE CONTADURÍA Y ADMINISTRACIÓN,escolarizado,87.0,90.0,,90.0,90.0,108.0,67.0,421.0,405.0,,409.0,422.0,448.0,457.0,18
CIENCIAS AGROGENOMICAS,ESCUELA NAL. DE ESTUDIOS SUP. UNIDAD LEÓN,escolarizado,,,,,62.0,80.0,40.0,,,,,18.0,18.0,18.0,18
CONTADURIA,FACULTAD DE CONTADURÍA Y ADMINISTRACIÓN,escolarizado,80.0,81.0,,85.0,86.0,104.0,70.0,588.0,613.0,,589.0,601.0,587.0,532.0,18
ECONOMIA,FACULTAD DE ECONOMÍA,suayed,64.0,62.0,60.0,55.0,64.0,82.0,40.0,243.0,233.0,226.0,218.0,223.0,226.0,225.0,18
ENFERMERIA Y OBSTETRICIA,FACULTAD DE ENFERMERIA Y OBSTETRICIA,escolarizado,,,87.0,89.0,90.0,108.0,58.0,,,108.0,91.0,77.0,74.0,75.0,18
INFORMATICA,FES CUAUTITLÁN,escolarizado,69.0,64.0,64.0,62.0,60.0,78.0,43.0,79.0,82.0,75.0,79.0,78.0,78.0,83.0,18
MEDICINA VETERINARIA Y ZOOTECNIA,FES CUAUTITLÁN,escolarizado,86.0,89.0,92.0,88.0,89.0,107.0,64.0,100.0,101.0,108.0,123.0,119.0,136.0,142.0,18
ORTESIS Y PROTESIS,ESCUELA NAL. DE ESTUDIOS SUP. UNIDAD JURIQUILLA,escolarizado,,,,,72.0,90.0,47.0,,,,,23.0,29.0,30.0,18
PEDAGOGIA,FACULTAD DE FILOSOFÍA Y LETRAS,escolarizado,70.0,73.0,75.0,75.0,76.0,94.0,52.0,158.0,163.0,152.0,153.0,154.0,161.0,164.0,18
RELACIONES INTERNACIONALES,FES ARAGÓN,escolarizado,85.0,86.0,86.0,88.0,87.0,105.0,62.0,78.0,92.0,92.0,84.0,85.0,100.0,103.0,18
CIENCIAS POLITICAS Y ADMON PUBLICA,FES ACATLÁN,escolarizado,73.0,44.0,56.0,56.0,67.0,84.0,52.0,72.0,190.0,145.0,128.0,70.0,91.0,94.0,17
CIRUJANO DENTISTA,FES ZARAGOZA,escolarizado,78.0,84.0,88.0,90.0,92.0,109.0,66.0,131.0,133.0,134.0,135.0,127.0,174.0,174.0,17
DERECHO,FES ARAGÓN,abierta,55.0,55.0,51.0,50.0,53.0,70.0,43.0,119.0,119.0,148.0,116.0,132.0,136.0,136.0,17
INGENIERIA GEOLOGICA,FACULTAD DE INGENIERÍA,escolarizado,70.0,65.0,70.0,57.0,70.0,87.0,56.0,38.0,31.0,33.0,30.0,30.0,30.0,30.0,17
INGENIERIA MECANICA,FES ARAGÓN,escolarizado,80.0,81.0,82.0,78.0,87.0,104.0,69.0,40.0,39.0,40.0,41.0,39.0,41.0,41.0,17
LENGUA Y LITERATURAS MODERNAS (LETRAS ALEMANAS),FACULTAD DE FILOSOFÍA Y LETRAS,escolarizado,41.0,48.0,51.0,75.0,46.0,63.0,54.0,22.0,11.0,9.0,1.0,6.0,5.0,5.0,17
PSICOLOGIA,FES IZTACALA,escolarizado,80.0,80.0,91.0,87.0,87.0,104.0,59.0,123.0,125.0,93.0,101.0,112.0,168.0,180.0,17
PSICOLOGIA,FES ZARAGOZA,escolarizado,81.0,83.0,89.0,88.0,88.0,105.0,64.0,119.0,116.0,134.0,126.0,125.0,152.0,152.0,17
RELACIONES INTERNACIONALES,FACULTAD DE CIENCIAS POLÍTICAS Y SOCIALES,abierta,60.0,62.0,60.0,65.0,79.0,96.0,57.0,49.0,50.0,49.0,49.0,43.0,43.0,44.0,17
RELACIONES INTERNACIONALES,FES ACATLÁN,escolarizado,82.0,85.0,81.0,87.0,86.0,103.0,57.0,89.0,69.0,74.0,63.0,69.0,106.0,108.0,17
DERECHO,FACULTAD DE DERECHO,escolarizado,83.0,82.0,85.0,86.0,89.0,105.0,65.0,544.0,584.0,567.0,585.0,576.0,606.0,610.0,16
DERECHO,FES ACATLÁN,escolarizado,72.0,65.0,62.0,70.0,71.0,87.0,46.0,246.0,321.0,434.0,280.0,265.0,471.0,483.0,16
FARMACIA,FES CUAUTITLÁN,escolarizado,77.0,69.0,67.0,59.0,63.0,79.0,44.0,77.0,73.0,77.0,85.0,85.0,89.0,90.0,16
INGENIERIA CIVIL,FACULTAD DE INGENIERÍA,escolarizado,85.0,82.0,82.0,89.0,88.0,104.0,73.0,135.0,134.0,138.0,133.0,131.0,133.0,137.0,16
SOCIOLOGIA,FACULTAD DE CIENCIAS POLÍTICAS Y SOCIALES,abierta,41.0,50.0,47.0,50.0,50.0,66.0,44.0,64.0,57.0,42.0,39.0,56.0,54.0,54.0,16
URBANISMO,FACULTAD DE ARQUITECTURA,escolarizado,79.0,73.0,78.0,71.0,83.0,99.0,69.0,25.0,25.0,25.0,26.0,27.0,26.0,26.0,16
BIOLOGIA,FES IZTACALA,escolarizado,83.0,74.0,69.0,84.0,79.0,94.0,63.0,111.0,145.0,217.0,110.0,110.0,119.0,122.0,15
DISEÑO INDUSTRIAL,FES ARAGÓN,escolarizado,86.0,85.0,86.0,90.0,91.0,106.0,69.0,26.0,26.0,23.0,24.0,28.0,26.0,26.0,15
GEOHISTORIA,ESCUELA NAL. DE ESTUDIOS SUP. UNIDAD MORELIA,escolarizado,41.0,45.0,56.0,55.0,48.0,63.0,60.0,12.0,8.0,2.0,3.0,6.0,6.0,4.0,15
INGENIERIA EN COMPUTACION,FES ARAGÓN,escolarizado,80.0,79.0,85.0,87.0,89.0,104.0,68.0,83.0,87.0,83.0,82.0,90.0,100.0,102.0,15
LINGÜISTICA APLICADA,"ESCUELA NACIONAL DE LENGUAS, LINGÜÍSTICA Y TRADUCCIÓN",escolarizado,78.0,56.0,69.0,54.0,55.0,70.0,52.0,23.0,50.0,43.0,50.0,34.0,45.0,35.0,15
PSICOLOGIA,FACULTAD DE PSICOLOGÍA,abierta,71.0,69.0,73.0,73.0,78.0,93.0,58.0,186.0,188.0,181.0,188.0,186.0,208.0,212.0,15
QUIMICA DE ALIMENTOS,FACULTAD DE QUÍMICA,escolarizado,94.0,94.0,94.0,98.0,91.0,106.0,70.0,46.0,48.0,49.0,51.0,48.0,48.0,48.0,15
SOCIOLOGIA,FACULTAD DE CIENCIAS POLÍTICAS Y SOCIALES,escolarizado,66.0,62.0,73.0,72.0,73.0,88.0,65.0,79.0,107.0,74.0,67.0,68.0,67.0,67.0,15
CONTADURIA,FES CUAUTITLÁN,escolarizado,62.0,57.0,57.0,57.0,60.0,74.0,40.0,335.0,327.0,338.0,329.0,335.0,356.0,348.0,14
DERECHO,FES ARAGÓN,escolarizado,63.0,71.0,67.0,74.0,79.0,93.0,49.0,586.0,425.0,553.0,393.0,250.0,554.0,575.0,14
DISEÑO Y COMUNICACION VISUAL,FES CUAUTITLÁN,escolarizado,96.0,96.0,95.0,93.0,87.0,101.0,64.0,22.0,24.0,22.0,35.0,31.0,32.0,37.0,14
INGENIERIA QUIMICA METALURGICA,FACULTAD DE QUÍMICA,escolarizado,86.0,85.0,80.0,67.0,72.0,86.0,44.0,28.0,28.0,32.0,32.0,34.0,33.0,32.0,14
NUTRIOLOGIA,FES ZARAGOZA,escolarizado,100.0,94.0,95.0,97.0,95.0,109.0,57.0,28.0,57.0,58.0,57.0,56.0,69.0,69.0,14
TRABAJO SOCIAL,ESCUELA NACIONAL DE TRABAJO SOCIAL,abierta,59.0,60.0,52.0,56.0,59.0,73.0,47.0,36.0,36.0,45.0,39.0,35.0,36.0,36.0,14
ARQUITECTURA DE PAISAJE,FACULTAD DE ARQUITECTURA,escolarizado,86.0,87.0,76.0,83.0,87.0,100.0,64.0,26.0,25.0,30.0,25.0,25.0,27.0,28.0,13
CIENCIAS POLITICAS Y ADMON PUBLICA,FACULTAD DE CIENCIAS POLÍTICAS Y SOCIALES,abierta,50.0,43.0,52.0,50.0,57.0,70.0,48.0,111.0,111.0,102.0,92.0,86.0,85.0,87.0,13
INGENIERIA INDUSTRIAL,FACULTAD DE INGENIERÍA,escolarizado,93.0,85.0,89.0,90.0,95.0,108.0,71.0,72.0,74.0,75.0,74.0,76.0,80.0,83.0,13
INGENIERIA QUIMICA,FACULTAD DE QUÍMICA,escolarizado,105.0,95.0,94.0,94.0,95.0,108.0,74.0,53.0,51.0,55.0,59.0,58.0,56.0,56.0,13
INGENIERIA QUIMICA,FES ZARAGOZA,escolarizado,75.0,51.0,53.0,52.0,67.0,80.0,51.0,105.0,223.0,252.0,170.0,115.0,112.0,114.0,13
SOCIOLOGIA,FACULTAD DE CIENCIAS POLÍTICAS Y SOCIALES,suayed,40.0,40.0,40.0,50.0,50.0,63.0,41.0,146.0,135.0,131.0,80.0,116.0,137.0,106.0,13
ARQUITECTURA,FACULTAD DE ARQUITECTURA,escolarizado,91.0,90.0,90.0,95.0,96.0,108.0,75.0,270.0,270.0,266.0,251.0,259.0,276.0,281.0,12
CIENCIAS POLITICAS Y ADMON PUBLICA,FACULTAD DE CIENCIAS POLÍTICAS Y SOCIALES,escolarizado,89.0,83.0,88.0,88.0,92.0,104.0,63.0,67.0,67.0,67.0,61.0,61.0,68.0,70.0,12
CIRUJANO DENTISTA,FACULTAD DE ODONTOLOGÍA,escolarizado,90.0,90.0,96.0,98.0,100.0,112.0,70.0,120.0,119.0,125.0,120.0,123.0,166.0,168.0,12
ACTUARIA,FES ACATLÁN,escolarizado,98.0,93.0,87.0,94.0,97.0,108.0,85.0,53.0,53.0,53.0,51.0,53.0,54.0,58.0,11
BIOLOGIA,FACULTAD DE CIENCIAS,escolarizado,95.0,91.0,95.0,93.0,95.0,106.0,72.0,136.0,130.0,131.0,139.0,136.0,156.0,156.0,11
CIENCIAS DE LA COMUNICACION,FACULTAD DE CIENCIAS POLÍTICAS Y SOCIALES,escolarizado,94.0,94.0,94.0,97.0,98.0,109.0,72.0,77.0,80.0,72.0,70.0,74.0,77.0,87.0,11
DISEÑO Y COMUNICACION VISUAL,FES CUAUTITLÁN,suayed,76.0,80.0,76.0,74.0,71.0,82.0,43.0,148.0,139.0,138.0,139.0,224.0,196.0,205.0,11
ECONOMIA,FES ARAGÓN,abierta,53.0,46.0,40.0,53.0,57.0,68.0,47.0,55.0,66.0,71.0,57.0,56.0,56.0,56.0,11
INGENIERIA AMBIENTAL,FACULTAD DE INGENIERÍA,escolarizado,96.0,92.0,95.0,91.0,94.0,105.0,69.0,21.0,20.0,20.0,22.0,19.0,19.0,19.0,11
INGENIERIA EN TELECOMUNICACIONES,FACULTAD DE INGENIERÍA,escolarizado,,,,81.0,90.0,101.0,69.0,,,,25.0,26.0,26.0,26.0,11
QUIMICA,FES CUAUTITLÁN,escolarizado,75.0,69.0,71.0,65.0,67.0,78.0,40.0,40.0,41.0,39.0,39.0,40.0,40.0,40.0,11
RELACIONES INTERNACIONALES,FES ACATLÁN,abierta,50.0,40.0,40.0,50.0,47.0,58.0,40.0,80.0,78.0,90.0,59.0,62.0,88.0,86.0,11
BIOQUIMICA DIAGNOSTICA,FES CUAUTITLÁN,escolarizado,99.0,80.0,89.0,95.0,91.0,101.0,63.0,26.0,66.0,51.0,26.0,26.0,29.0,33.0,10
CIENCIAS DE LA TIERRA,ESCUELA NACIONAL DE CIENCIAS DE LA TIERRA,escolarizado,91.0,85.0,84.0,78.0,63.0,73.0,40.0,30.0,32.0,43.0,42.0,61.0,55.0,48.0,10
DESARROLLO Y GESTION INTERCULTURALES,FACULTAD DE FILOSOFÍA Y LETRAS,escolarizado,78.0,79.0,78.0,80.0,75.0,85.0,54.0,18.0,17.0,17.0,17.0,17.0,17.0,17.0,10
FILOSOFIA,FACULTAD DE FILOSOFÍA Y LETRAS,abierta,79.0,80.0,75.0,80.0,77.0,87.0,50.0,44.0,52.0,62.0,64.0,61.0,67.0,73.0,10
HISTORIA,FACULTAD DE FILOSOFÍA Y LETRAS,abierta,72.0,75.0,70.0,65.0,74.0,84.0,60.0,41.0,42.0,61.0,57.0,47.0,52.0,69.0,10
HISTORIA,FACULTAD DE FILOSOFÍA Y LETRAS,escolarizado,92.0,90.0,80.0,67.0,68.0,78.0,54.0,35.0,35.0,53.0,104.0,112.0,87.0,87.0,10
INGENIERIA ELECTRICA ELECTRONICA,FACULTAD DE INGENIERÍA,escolarizado,91.0,91.0,89.0,96.0,97.0,107.0,82.0,122.0,115.0,122.0,106.0,102.0,113.0,124.0,10
LENGUA Y LITERATURAS MODERNAS (LETRAS INGLESAS),FACULTAD DE FILOSOFÍA Y LETRAS,abierta,56.0,73.0,56.0,58.0,59.0,69.0,41.0,19.0,13.0,21.0,16.0,23.0,23.0,16.0,10
QUIMICA,FACULTAD DE QUÍMICA,escolarizado,105.0,101.0,101.0,97.0,99.0,109.0,80.0,33.0,32.0,32.0,35.0,34.0,32.0,37.0,10
RELACIONES INTERNACIONALES,FACULTAD DE CIENCIAS POLÍTICAS Y SOCIALES,escolarizado,100.0,98.0,101.0,104.0,102.0,112.0,75.0,56.0,66.0,42.0,39.0,40.0,39.0,49.0,10
ANTROPOLOGIA,FACULTAD DE CIENCIAS POLÍTICAS Y SOCIALES,escolarizado,72.0,73.0,76.0,71.0,74.0,83.0,50.0,104.0,104.0,88.0,90.0,88.0,95.0,95.0,9
BIOLOGIA,TLAXCALA,escolarizado,,,,60.0,55.0,64.0,42.0,,,,12.0,25.0,25.0,18.0,9
DISEÑO GRAFICO,FES ACATLÁN,escolarizado,93.0,96.0,98.0,97.0,97.0,106.0,62.0,39.0,38.0,37.0,36.0,36.0,42.0,45.0,9
INGENIERIA AGRICOLA,FES CUAUTITLÁN,escolarizado,65.0,56.0,60.0,59.0,59.0,68.0,40.0,73.0,71.0,76.0,72.0,70.0,84.0,65.0,9
LITERATURA DRAMATICA Y TEATRO,FACULTAD DE FILOSOFÍA Y LETRAS,escolarizado,92.0,98.0,95.0,96.0,93.0,102.0,70.0,35.0,32.0,36.0,32.0,33.0,33.0,36.0,9
MEDICINA VETERINARIA Y ZOOTECNIA,FACULTAD DE MEDICINA VETERINARIA Y ZOOTECNIA,escolarizado,99.0,101.0,103.0,103.0,104.0,113.0,77.0,87.0,88.0,91.0,94.0,88.0,126.0,128.0,9
QUIMICA FARMACEUTICO BIOLOGICA,FACULTAD DE QUÍMICA,escolarizado,106.0,104.0,105.0,105.0,104.0,113.0,79.0,63.0,59.0,60.0,60.0,71.0,106.0,111.0,9
BIBLIOTECOLOGIA Y ESTUDIOS DE LA INFORMACION,FACULTAD DE FILOSOFÍA Y LETRAS,escolarizado,41.0,49.0,43.0,45.0,45.0,53.0,40.0,71.0,78.0,88.0,65.0,68.0,70.0,68.0,8
DISEÑO Y COMUNICACION VISUAL,FACULTAD DE ARTES Y DISEÑO,escolarizado,101.0,104.0,102.0,99.0,100.0,108.0,65.0,53.0,51.0,60.0,51.0,59.0,55.0,65.0,8
FILOSOFIA,FACULTAD DE FILOSOFÍA Y LETRAS,escolarizado,87.0,84.0,85.0,83.0,81.0,89.0,43.0,51.0,68.0,66.0,70.0,77.0,67.0,71.0,8
GEOGRAFIA,FACULTAD DE FILOSOFÍA Y LETRAS,abierta,44.0,59.0,58.0,50.0,52.0,60.0,42.0,34.0,29.0,35.0,30.0,30.0,38.0,34.0,8
INGENIERIA EN COMPUTACION,FACULTAD DE INGENIERÍA,escolarizado,94.0,97.0,97.0,100.0,101.0,109.0,75.0,125.0,126.0,123.0,112.0,125.0,153.0,159.0,8
MEDICO CIRUJANO,FES ZARAGOZA,escolarizado,106.0,107.0,109.0,110.0,109.0,117.0,91.0,50.0,53.0,59.0,55.0,58.0,71.0,76.0,8
MATEMATICAS APLICADAS Y COMPUTACION,FES ACATLÁN,escolarizado,50.0,48.0,45.0,48.0,52.0,59.0,40.0,300.0,287.0,324.0,262.0,261.0,265.0,226.0,7
OPTOMETRIA,ESCUELA NAL. DE ESTUDIOS SUP. UNIDAD LEÓN,escolarizado,41.0,48.0,41.0,45.0,45.0,52.0,40.0,40.0,41.0,40.0,29.0,38.0,40.0,29.0,7
ARTES VISUALES,FACULTAD DE ARTES Y DISEÑO,escolarizado,102.0,106.0,99.0,97.0,96.0,102.0,61.0,31.0,31.0,82.0,83.0,82.0,102.0,103.0,6
ECOLOGIA,ESCUELA NAL. DE ESTUDIOS SUP. UNIDAD MORELIA,escolarizado,,49.0,41.0,47.0,46.0,52.0,42.0,,7.0,13.0,22.0,15.0,18.0,11.0,6
FISICA BIOMEDICA,FACULTAD DE CIENCIAS,escolarizado,101.0,106.0,101.0,101.0,103.0,109.0,81.0,13.0,13.0,14.0,13.0,13.0,13.0,15.0,6
INGENIERIA MECANICA,FACULTAD DE INGENIERÍA,escolarizado,95.0,98.0,99.0,103.0,104.0,110.0,87.0,66.0,66.0,66.0,69.0,66.0,85.0,86.0,6
MATEMATICAS,FACULTAD DE CIENCIAS,escolarizado,96.0,75.0,77.0,93.0,88.0,94.0,74.0,122.0,185.0,186.0,128.0,122.0,125.0,126.0,6
MEDICO CIRUJANO,FES IZTACALA,escolarizado,105.0,105.0,108.0,108.0,109.0,115.0,84.0,111.0,109.0,120.0,112.0,118.0,205.0,212.0,6
QUIMICA FARMACEUTICO BIOLOGICA,FES ZARAGOZA,escolarizado,98.0,97.0,99.0,98.0,102.0,108.0,65.0,56.0,55.0,56.0,58.0,55.0,82.0,84.0,6
SOCIOLOGIA,FES ARAGÓN,escolarizado,46.0,50.0,46.0,45.0,50.0,56.0,40.0,87.0,110.0,107.0,80.0,71.0,97.0,84.0,6
TRABAJO SOCIAL,ESCUELA NACIONAL DE TRABAJO SOCIAL,suayed,53.0,51.0,47.0,50.0,50.0,56.0,40.0,160.0,142.0,158.0,95.0,110.0,148.0,122.0,6
DERECHO,FES ACATLÁN,abierta,48.0,47.0,42.0,50.0,47.0,52.0,40.0,130.0,138.0,150.0,98.0,129.0,150.0,135.0,5
INGENIERIA GEOFISICA,FACULTAD DE INGENIERÍA,escolarizado,68.0,69.0,61.0,79.0,75.0,80.0,51.0,40.0,37.0,55.0,23.0,23.0,22.0,22.0,5
PSICOLOGIA,FACULTAD DE PSICOLOGÍA,escolarizado,99.0,102.0,104.0,104.0,107.0,112.0,74.0,81.0,86.0,85.0,84.0,80.0,141.0,142.0,5
ACTUARIA,FACULTAD DE CIENCIAS,escolarizado,107.0,105.0,101.0,107.0,109.0,113.0,92.0,58.0,59.0,63.0,58.0,58.0,86.0,86.0,4
CIENCIAS DE LA COMPUTACION,FACULTAD DE CIENCIAS,escolarizado,104.0,102.0,105.0,107.0,109.0,113.0,88.0,40.0,43.0,40.0,42.0,40.0,47.0,49.0,4
DERECHO,FACULTAD DE DERECHO,abierta,56.0,59.0,54.0,54.0,58.0,62.0,40.0,322.0,323.0,366.0,356.0,344.0,422.0,395.0,4
DESARROLLO TERRITORIAL,ESCUELA NAL. DE ESTUDIOS SUP. UNIDAD LEÓN,escolarizado,40.0,43.0,45.0,53.0,53.0,57.0,52.0,12.0,4.0,4.0,4.0,10.0,7.0,6.0,4
FISICA,FACULTAD DE CIENCIAS,escolarizado,110.0,108.0,105.0,106.0,104.0,108.0,83.0,88.0,81.0,87.0,90.0,85.0,90.0,91.0,4
CIENCIAS DE LA COMUNICACION,FACULTAD DE CIENCIAS POLÍTICAS Y SOCIALES,suayed,46.0,42.0,40.0,50.0,50.0,53.0,40.0,230.0,230.0,202.0,131.0,164.0,213.0,175.0,3
DESARROLLO COMUNITARIO PARA EL ENVEJECIMIENTO,FES ZARAGOZA,escolarizado,48.0,45.0,40.0,45.0,46.0,49.0,43.0,37.0,49.0,29.0,35.0,51.0,50.0,35.0,3
DESARROLLO Y GESTION INTERCULTURALES,ESCUELA NAL. DE ESTUDIOS SUP. UNIDAD LEÓN,escolarizado,40.0,46.0,42.0,48.0,45.0,48.0,47.0,22.0,14.0,8.0,10.0,13.0,11.0,8.0,3
MEDICO CIRUJANO,FACULTAD DE MEDICINA,escolarizado,111.0,111.0,111.0,112.0,114.0,117.0,92.0,206.0,177.0,220.0,184.0,215.0,279.0,312.0,3
MUSICA Y TECNOLOGIA ARTISTICA,ESCUELA NAL. DE ESTUDIOS SUP. UNIDAD MORELIA,escolarizado,53.0,52.0,42.0,41.0,46.0,49.0,44.0,30.0,21.0,21.0,18.0,22.0,30.0,20.0,3
GEOCIENCIAS,ESCUELA NAL. DE ESTUDIOS SUP. UNIDAD MORELIA,escolarizado,51.0,51.0,44.0,45.0,47.0,49.0,50.0,26.0,24.0,20.0,31.0,21.0,20.0,15.0,2
LITERATURA INTERCULTURAL,ESCUELA NAL. DE ESTUDIOS SUP. UNIDAD MORELIA,escolarizado,46.0,49.0,40.0,48.0,45.0,47.0,45.0,33.0,16.0,19.0,17.0,17.0,14.0,10.0,2
ARTE Y DISEÑO,"PLANTEL TAXCO, GRO",escolarizado,66.0,68.0,59.0,45.0,48.0,49.0,40.0,32.0,31.0,49.0,60.0,45.0,55.0,36.0,1
CIENCIAS DE LA TIERRA,ESCUELA NAL. DE ESTUDIOS SUP. UNIDAD MÉRIDA,escolarizado,41.0,40.0,40.0,59.0,46.0,47.0,43.0,27.0,20.0,21.0,18.0,19.0,8.0,4.0,1
TRABAJO SOCIAL,ESCUELA NACIONAL DE TRABAJO SOCIAL,escolarizado,55.0,51.0,47.0,45.0,46.0,47.0,40.0,415.0,443.0,467.0,399.0,432.0,424.0,332.0,1
TRADUCCION,"ESCUELA NACIONAL DE LENGUAS, LINGÜÍSTICA Y TRADUCCIÓN",escolarizado,109.0,108.0,110.0,100.0,106.0,107.0,76.0,18.0,18.0,17.0,31.0,19.0,19.0,25.0,1
COMPOSICION,FACULTAD DE MÚSICA,escolarizado,48.0,53.0,56.0,58.0,45.0,45.0,45.0,34.0,22.0,22.0,21.0,37.0,35.0,13.0,0
LENGUA Y LITERATURAS HISPANICAS,FACULTAD DE FILOSOFÍA Y LETRAS,abierta,60.0,61.0,45.0,50.0,55.0,55.0,47.0,95.0,95.0,100.0,87.0,98.0,99.0,87.0,0
MANEJO SUSTENTABLE DE ZONAS COSTERAS,ESCUELA NAL. DE ESTUDIOS SUP. UNIDAD MÉRIDA,escolarizado,46.0,40.0,40.0,47.0,45.0,45.0,41.0,46.0,37.0,36.0,36.0,21.0,29.0,11.0,0
INGENIERIA EN ALIMENTOS,FES CUAUTITLÁN,escolarizado,64.0,57.0,57.0,60.0,62.0,61.0,40.0,122.0,133.0,182.0,124.0,124.0,215.0,146.0,-1
MATEMATICAS APLICADAS,FACULTAD DE CIENCIAS,escolarizado,96.0,93.0,93.0,97.0,101.0,100.0,73.0,34.0,37.0,34.0,32.0,34.0,41.0,41.0,-1
ESTUDIOS SOCIALES Y GESTION LOCAL,ESCUELA NAL. DE ESTUDIOS SUP. UNIDAD MORELIA,escolarizado,42.0,57.0,54.0,45.0,55.0,53.0,46.0,13.0,5.0,3.0,15.0,12.0,14.0,7.0,-2
INGENIERIA AEROESPACIAL,FACULTAD DE INGENIERÍA,escolarizado,114.0,114.0,111.0,116.0,117.0,115.0,96.0,14.0,14.0,16.0,13.0,20.0,25.0,26.0,-2
TECNOLOGIAS PARA LA INFORMACION EN CIENCIAS,ESCUELA NAL. DE ESTUDIOS SUP. UNIDAD MORELIA,escolarizado,47.0,40.0,43.0,47.0,45.0,43.0,42.0,27.0,35.0,34.0,51.0,45.0,45.0,23.0,-2
ADMINISTRACION AGROPECUARIA,ESCUELA NAL. DE ESTUDIOS SUP. UNIDAD LEÓN,escolarizado,42.0,41.0,40.0,45.0,45.0,42.0,40.0,23.0,18.0,23.0,18.0,21.0,32.0,20.0,-3
LENGUA Y LITERATURAS MODERNAS (LETRAS FRANCESAS),FACULTAD DE FILOSOFÍA Y LETRAS,escolarizado,41.0,56.0,44.0,45.0,45.0,42.0,52.0,14.0,8.0,9.0,15.0,10.0,7.0,5.0,-3
LENGUA Y LITERATURAS MODERNAS (LETRAS INGLESAS),FACULTAD DE FILOSOFÍA Y LETRAS,escolarizado,40.0,40.0,40.0,45.0,45.0,42.0,40.0,125.0,95.0,99.0,75.0,86.0,70.0,30.0,-3
TEATRO Y ACTUACION,FACULTAD DE MÚSICA,escolarizado,70.0,70.0,69.0,66.0,65.0,62.0,47.0,180.0,184.0,184.0,178.0,178.0,300.0,187.0,-3
CIENCIAS AMBIENTALES,ESCUELA NAL. DE ESTUDIOS SUP. UNIDAD MORELIA,escolarizado,41.0,42.0,43.0,46.0,45.0,41.0,45.0,89.0,38.0,44.0,32.0,28.0,29.0,15.0,-4
CIENCIAS AMBIENTALES,ESCUELA NAL. DE ESTUDIOS SUP. UNIDAD MÉRIDA,escolarizado,70.0,55.0,45.0,45.0,45.0,41.0,42.0,47.0,48.0,40.0,33.0,22.0,29.0,8.0,-4
ECONOMIA INDUSTRIAL,ESCUELA NAL. DE ESTUDIOS SUP. UNIDAD LEÓN,escolarizado,71.0,72.0,66.0,63.0,58.0,54.0,41.0,47.0,34.0,36.0,45.0,72.0,78.0,63.0,-4
GEOGRAFIA APLICADA,ESCUELA NAL. DE ESTUDIOS SUP. UNIDAD MÉRIDA,escolarizado,41.0,50.0,61.0,60.0,45.0,41.0,54.0,6.0,4.0,2.0,0.0,4.0,7.0,3.0,-4
LENGUA Y LITERATURAS MODERNAS (LETRAS ITALIANAS),FACULTAD DE FILOSOFÍA Y LETRAS,escolarizado,43.0,40.0,41.0,41.0,47.0,43.0,43.0,18.0,19.0,22.0,20.0,18.0,20.0,15.0,-4
CANTO,FACULTAD DE MÚSICA,escolarizado,59.0,49.0,45.0,46.0,46.0,41.0,52.0,19.0,21.0,29.0,16.0,20.0,24.0,6.0,-5
CIENCIA DE MATERIALES SUSTENTABLES,ESCUELA NAL. DE ESTUDIOS SUP. UNIDAD MORELIA,escolarizado,41.0,43.0,43.0,45.0,45.0,40.0,40.0,39.0,18.0,21.0,26.0,24.0,20.0,15.0,-5
CIENCIAS AGROFORESTALES,ESCUELA NAL. DE ESTUDIOS SUP. UNIDAD MORELIA,escolarizado,43.0,41.0,40.0,49.0,45.0,40.0,42.0,27.0,19.0,28.0,12.0,23.0,30.0,20.0,-5
ECOLOGIA,ESCUELA NAL. DE ESTUDIOS SUP. UNIDAD MÉRIDA,escolarizado,,40.0,42.0,50.0,45.0,40.0,60.0,,10.0,14.0,23.0,14.0,20.0,6.0,-5
EDUCACION MUSICAL,FACULTAD DE MÚSICA,escolarizado,40.0,40.0,40.0,47.0,45.0,40.0,46.0,31.0,35.0,31.0,20.0,21.0,18.0,9.0,-5
ENSEÑANZA DE ESPAÑOL COMO LENGUA EXTRANJERA,FES ACATLÁN,suayed,40.0,41.0,41.0,47.0,50.0,45.0,40.0,74.0,86.0,64.0,33.0,46.0,48.0,28.0,-5
ENSEÑANZA DE INGLES,FES ACATLÁN,escolarizado,60.0,55.0,50.0,45.0,45.0,40.0,40.0,109.0,137.0,135.0,112.0,131.0,130.0,67.0,-5
FILOSOFIA,FES ACATLÁN,escolarizado,55.0,52.0,43.0,45.0,45.0,40.0,40.0,80.0,67.0,101.0,89.0,63.0,70.0,59.0,-5
HISTORIA,FES ACATLÁN,escolarizado,69.0,68.0,54.0,45.0,45.0,40.0,40.0,48.0,48.0,85.0,91.0,100.0,83.0,72.0,-5
INSTRUMENTISTA,FACULTAD DE MÚSICA,escolarizado,40.0,41.0,41.0,41.0,45.0,40.0,40.0,86.0,73.0,76.0,56.0,75.0,66.0,44.0,-5
LENGUA Y LITERATURAS HISPANICAS,FACULTAD DE FILOSOFÍA Y LETRAS,escolarizado,87.0,86.0,78.0,70.0,69.0,64.0,42.0,45.0,48.0,79.0,76.0,88.0,106.0,87.0,-5
PLANIF PARA EL DESARROLLO AGROPECUARIO,FES ARAGÓN,escolarizado,44.0,40.0,40.0,46.0,45.0,40.0,40.0,99.0,83.0,93.0,56.0,61.0,72.0,44.0,-5
SOCIOLOGIA,FES ACATLÁN,escolarizado,45.0,40.0,40.0,45.0,45.0,40.0,40.0,144.0,130.0,156.0,89.0,74.0,106.0,81.0,-5
TRADUCCION,"SAN MIGUEL DE ALLENDE, GUANAJUATO",escolarizado,57.0,69.0,42.0,42.0,45.0,40.0,58.0,28.0,29.0,50.0,29.0,20.0,14.0,12.0,-5
TURISMO Y DESARROLLO SOSTENIBLE,ESCUELA NAL. DE ESTUDIOS SUP. UNIDAD LEÓN,escolarizado,,58.0,59.0,45.0,45.0,40.0,40.0,,31.0,31.0,41.0,47.0,44.0,25.0,-5
ADMINISTRACION DE ARCHIVOS Y GESTION DOCUMENTAL,ESCUELA NAL. DE ESTUDIOS SUP. UNIDAD MORELIA,suayed,,40.0,41.0,50.0,51.0,45.0,40.0,,51.0,65.0,33.0,38.0,71.0,50.0,-6
PIANO,FACULTAD DE MÚSICA,escolarizado,44.0,41.0,42.0,41.0,51.0,44.0,49.0,20.0,26.0,19.0,19.0,15.0,20.0,16.0,-7
SOCIOLOGIA APLICADA,ESCUELA NAL. DE ESTUDIOS SUP. UNIDAD MÉRIDA,escolarizado,,,,50.0,49.0,42.0,41.0,,,,10.0,10.0,23.0,18.0,-7
ESTUDIOS LATINOAMERICANOS,FACULTAD DE FILOSOFÍA Y LETRAS,escolarizado,70.0,40.0,40.0,45.0,55.0,47.0,40.0,38.0,50.0,84.0,73.0,84.0,78.0,68.0,-8
ETNOMUSICOLOGIA,FACULTAD DE MÚSICA,escolarizado,42.0,45.0,50.0,45.0,50.0,40.0,46.0,15.0,12.0,10.0,10.0,7.0,8.0,3.0,-10
LENGUA Y LITERATURAS HISPANICAS,FES ACATLÁN,escolarizado,63.0,60.0,48.0,47.0,50.0,40.0,42.0,56.0,43.0,64.0,61.0,45.0,58.0,53.0,-10
LETRAS CLASICAS,FACULTAD DE FILOSOFÍA Y LETRAS,escolarizado,76.0,82.0,78.0,65.0,77.0,64.0,50.0,20.0,24.0,26.0,27.0,23.0,32.0,27.0,-13
HISTORIA DEL ARTE,ESCUELA NAL. DE ESTUDIOS SUP. UNIDAD MORELIA,escolarizado,59.0,44.0,43.0,46.0,55.0,41.0,45.0,30.0,23.0,31.0,25.0,18.0,18.0,13.0,-14
DESARROLLO Y GESTION INTERCULTURALES,ESCUELA NAL. DE ESTUDIOS SUP. UNIDAD MÉRIDA,escolarizado,47.0,40.0,43.0,50.0,56.0,40.0,46.0,20.0,6.0,13.0,12.0,7.0,15.0,8.0,-16
ARTE Y DISEÑO,ESCUELA NAL. DE ESTUDIOS SUP. UNIDAD MORELIA,escolarizado,67.0,69.0,69.0,60.0,58.0,41.0,40.0,42.0,41.0,50.0,54.0,70.0,108.0,79.0,-17
GEOGRAFIA APLICADA,ESCUELA NACIONAL DE CIENCIAS DE LA TIERRA,escolarizado,85.0,50.0,48.0,46.0,63.0,45.0,40.0,16.0,14.0,33.0,30.0,30.0,22.0,15.0,-18
CIENCIAS DE LA TIERRA,ESCUELA NAL. DE ESTUDIOS SUP. UNIDAD JURIQUILLA,escolarizado,80.0,65.0,57.0,,66.0,40.0,40.0,29.0,26.0,30.0,,25.0,41.0,33.0,-26
GEOGRAFIA,FACULTAD DE FILOSOFÍA Y LETRAS,escolarizado,52.0,48.0,49.0,50.0,66.0,40.0,42.0,57.0,93.0,108.0,101.0,40.0,74.0,58.0,-26
TECNOLOGIA,ESCUELA NAL. DE ESTUDIOS SUP. UNIDAD JURIQUILLA,escolarizado,,,,,81.0,45.0,44.0,,,,,24.0,52.0,44.0,-36
MATEMATICAS PARA EL DESARROLLO,ESCUELA NAL. DE ESTUDIOS SUP. UNIDAD JURIQUILLA,escolarizado,,,,,83.0,40.0,41.0,,,,,20.0,31.0,24.0,-43
