year,fase,tree,modalidad,area,carrera,campus,codigo,oferta,aspirantes,presentaron_examen,aciertos_minimos,seleccionados
2026,control,licenciatura,escolarizado,1,ACTUARIA,FACULTAD DE CIENCIAS,10100035,70,389,251,92,86
2026,control,licenciatura,escolarizado,1,ACTUARIA,FES ACATLÁN,10102005,51,267,175,85,58
2026,control,licenciatura,escolarizado,1,ARQUITECTURA,FACULTAD DE ARQUITECTURA,10200015,250,1182,775,75,281
2026,control,licenciatura,escolarizado,1,ARQUITECTURA,FES ACATLÁN,10202005,86,449,283,61,112
2026,control,licenciatura,escolarizado,1,ARQUITECTURA,FES ARAGÓN,10204005,95,608,365,65,106
2026,control,licenciatura,escolarizado,1,ARQUITECTURA DE PAISAJE,FACULTAD DE ARQUITECTURA,10300015,25,97,70,64,28
2026,control,licenciatura,escolarizado,1,CIENCIA DE MATERIALES SUSTENTABLES,ESCUELA NAL. DE ESTUDIOS SUP. UNIDAD MORELIA,13307005,44,20,15,40,15
2026,control,licenciatura,escolarizado,1,CIENCIAS DE LA COMPUTACION,FACULTAD DE CIENCIAS,10400035,40,175,121,88,49
2026,control,licenciatura,escolarizado,1,CIENCIAS DE LA TIERRA,ESCUELA NACIONAL DE CIENCIAS DE LA TIERRA,12700175,55,71,49,40,48
2026,control,licenciatura,escolarizado,1,CIENCIAS DE LA TIERRA,ESCUELA NAL. DE ESTUDIOS SUP. UNIDAD JURIQUILLA,12710005,35,41,33,40,33
2026,control,licenciatura,escolarizado,1,CIENCIAS DE LA TIERRA,ESCUELA NAL. DE ESTUDIOS SUP. UNIDAD MÉRIDA,12708005,28,8,4,43,4
2026,control,licenciatura,escolarizado,1,DISEÑO INDUSTRIAL,FES ARAGÓN,10504005,23,160,88,69,26
2026,control,licenciatura,escolarizado,1,FISICA,FACULTAD DE CIENCIAS,10600035,80,136,108,83,91
2026,control,licenciatura,escolarizado,1,FISICA BIOMEDICA,FACULTAD DE CIENCIAS,13400035,13,37,25,81,15
2026,control,licenciatura,escolarizado,1,GEOCIENCIAS,ESCUELA NAL. DE ESTUDIOS SUP. UNIDAD MORELIA,13107005,40,20,17,50,15
2026,control,licenciatura,escolarizado,1,"ING. EN TELECOMUNICACIONES, SISTEMAS Y ELECTRONICA",FES CUAUTITLÁN,13001005,90,188,90,40,73
2026,control,licenciatura,escolarizado,1,INGENIERIA AEROESPACIAL,FACULTAD DE INGENIERÍA,13900115,13,91,65,96,26
2026,control,licenciatura,escolarizado,1,INGENIERIA AMBIENTAL,FACULTAD DE INGENIERÍA,13700115,19,45,32,69,19
2026,control,licenciatura,escolarizado,1,INGENIERIA CIVIL,FACULTAD DE INGENIERÍA,10700115,130,478,286,73,137
2026,control,licenciatura,escolarizado,1,INGENIERIA CIVIL,FES ACATLÁN,10702005,104,306,191,51,106
2026,control,licenciatura,escolarizado,1,INGENIERIA CIVIL,FES ARAGÓN,10704005,142,380,225,49,145
2026,control,licenciatura,escolarizado,1,INGENIERIA DE MINAS Y METALURGIA,FACULTAD DE INGENIERÍA,10800115,24,63,37,53,24
2026,control,licenciatura,escolarizado,1,INGENIERIA ELECTRICA ELECTRONICA,FACULTAD DE INGENIERÍA,10900115,100,430,255,82,124
2026,control,licenciatura,escolarizado,1,INGENIERIA ELECTRICA ELECTRONICA,FES ARAGÓN,10904005,63,260,124,59,69
2026,control,licenciatura,escolarizado,1,INGENIERIA EN COMPUTACION,ESCUELA NAL. DE ESTUDIOS SUP. UNIDAD JURIQUILLA,11010005,45,65,41,40,41
2026,control,licenciatura,escolarizado,1,INGENIERIA EN COMPUTACION,ESCUELA NAL. DE ESTUDIOS SUP. UNIDAD MÉRIDA,11008005,25,27,16,51,14
2026,control,licenciatura,escolarizado,1,INGENIERIA EN COMPUTACION,FACULTAD DE INGENIERÍA,11000115,110,565,334,75,159
2026,control,licenciatura,escolarizado,1,INGENIERIA EN COMPUTACION,FES ARAGÓN,11004005,82,465,247,68,102
2026,control,licenciatura,escolarizado,1,INGENIERIA EN ENERGIAS RENOVABLES,CENTRO DE INVESTIGACIÓN EN ENERGÍA,12800905,30,32,17,40,17
2026,control,licenciatura,escolarizado,1,INGENIERIA EN ENERGIAS RENOVABLES,ESCUELA NAL. DE ESTUDIOS SUP. UNIDAD JURIQUILLA,12810005,35,50,36,48,36
2026,control,licenciatura,escolarizado,1,INGENIERIA EN TELECOMUNICACIONES,FACULTAD DE INGENIERÍA,11100115,25,97,50,69,26
2026,control,licenciatura,escolarizado,1,INGENIERIA GEOFISICA,FACULTAD DE INGENIERÍA,11200115,22,38,27,51,22
2026,control,licenciatura,escolarizado,1,INGENIERIA GEOLOGICA,FACULTAD DE INGENIERÍA,11300115,30,73,43,56,30
2026,control,licenciatura,escolarizado,1,INGENIERIA GEOMATICA,FACULTAD DE INGENIERÍA,12000115,26,57,39,54,26
2026,control,licenciatura,escolarizado,1,INGENIERIA INDUSTRIAL,FACULTAD DE INGENIERÍA,11400115,71,385,205,71,83
2026,control,licenciatura,escolarizado,1,INGENIERIA INDUSTRIAL,FES ARAGÓN,11404005,50,223,99,53,56
2026,control,licenciatura,escolarizado,1,INGENIERIA INDUSTRIAL,FES CUAUTITLÁN,11401005,41,155,86,61,44
2026,control,licenciatura,escolarizado,1,INGENIERIA MECANICA,FACULTAD DE INGENIERÍA,11500115,64,396,236,87,86
2026,control,licenciatura,escolarizado,1,INGENIERIA MECANICA,FES ARAGÓN,11504005,39,286,126,69,41
2026,control,licenciatura,escolarizado,1,INGENIERIA MECANICA ELECTRICA,FES CUAUTITLÁN,11601005,106,298,133,41,112
2026,control,licenciatura,escolarizado,1,INGENIERIA PETROLERA,FACULTAD DE INGENIERÍA,11700115,62,287,141,61,63
2026,control,licenciatura,escolarizado,1,INGENIERIA QUIMICA,FACULTAD DE QUÍMICA,11800055,55,144,88,74,56
2026,control,licenciatura,escolarizado,1,INGENIERIA QUIMICA,FES CUAUTITLÁN,11801005,66,158,83,46,67
2026,control,licenciatura,escolarizado,1,INGENIERIA QUIMICA,FES ZARAGOZA,11805005,108,254,154,51,114
2026,control,licenciatura,escolarizado,1,INGENIERIA QUIMICA METALURGICA,FACULTAD DE QUÍMICA,11900055,32,48,33,44,32
2026,control,licenciatura,escolarizado,1,MATEMATICAS,FACULTAD DE CIENCIAS,12200035,121,209,160,74,126
2026,control,licenciatura,escolarizado,1,MATEMATICAS APLICADAS,FACULTAD DE CIENCIAS,13600035,32,60,46,73,41
2026,control,licenciatura,escolarizado,1,MATEMATICAS APLICADAS Y COMPUTACION,FES ACATLÁN,12102005,260,358,247,40,226
2026,control,licenciatura,escolarizado,1,MATEMATICAS PARA EL DESARROLLO,ESCUELA NAL. DE ESTUDIOS SUP. UNIDAD JURIQUILLA,14010005,35,31,24,41,24
2026,control,licenciatura,escolarizado,1,TECNOLOGIA,ESCUELA NAL. DE ESTUDIOS SUP. UNIDAD JURIQUILLA,12610005,35,52,45,44,44
2026,control,licenciatura,escolarizado,1,TECNOLOGIAS PARA LA INFORMACION EN CIENCIAS,ESCUELA NAL. DE ESTUDIOS SUP. UNIDAD MORELIA,13207005,50,45,25,42,23
2026,control,licenciatura,escolarizado,1,URBANISMO,FACULTAD DE ARQUITECTURA,12300015,25,64,48,69,26
2026,control,licenciatura,escolarizado,2,BIOLOGIA,ESCUELA NAL. DE ESTUDIOS SUP. UNIDAD MÉRIDA,20108005,25,26,19,40,19
2026,control,licenciatura,escolarizado,2,BIOLOGIA,FACULTAD DE CIENCIAS,20100035,130,401,281,72,156
2026,control,licenciatura,escolarizado,2,BIOLOGIA,FES IZTACALA,20103005,110,342,246,63,122
2026,control,licenciatura,escolarizado,2,BIOLOGIA,FES ZARAGOZA,20105005,105,284,217,56,129
2026,control,licenciatura,escolarizado,2,BIOLOGIA,TLAXCALA,20100015,15,33,20,42,18
2026,control,licenciatura,escolarizado,2,BIOQUIMICA DIAGNOSTICA,FES CUAUTITLÁN,21801005,25,129,74,63,33
2026,control,licenciatura,escolarizado,2,CIENCIAS AGROFORESTALES,ESCUELA NAL. DE ESTUDIOS SUP. UNIDAD MORELIA,23007005,40,30,22,42,20
2026,control,licenciatura,escolarizado,2,CIENCIAS AGROGENOMICAS,ESCUELA NAL. DE ESTUDIOS SUP. UNIDAD LEÓN,22306005,17,25,18,40,18
2026,control,licenciatura,escolarizado,2,CIENCIAS AMBIENTALES,ESCUELA NAL. DE ESTUDIOS SUP. UNIDAD MORELIA,21607005,40,29,15,45,15
2026,control,licenciatura,escolarizado,2,CIENCIAS AMBIENTALES,ESCUELA NAL. DE ESTUDIOS SUP. UNIDAD MÉRIDA,21608005,50,29,10,42,8
2026,control,licenciatura,escolarizado,2,CIRUJANO DENTISTA,FACULTAD DE ODONTOLOGÍA,20200145,115,978,576,70,168
2026,control,licenciatura,escolarizado,2,CIRUJANO DENTISTA,FES IZTACALA,20203005,148,1085,669,65,190
2026,control,licenciatura,escolarizado,2,CIRUJANO DENTISTA,FES ZARAGOZA,20205005,125,1047,675,66,174
2026,control,licenciatura,escolarizado,2,ECOLOGIA,ESCUELA NAL. DE ESTUDIOS SUP. UNIDAD MORELIA,22507005,40,18,11,42,11
2026,control,licenciatura,escolarizado,2,ECOLOGIA,ESCUELA NAL. DE ESTUDIOS SUP. UNIDAD MÉRIDA,22508005,22,20,7,60,6
2026,control,licenciatura,escolarizado,2,ECOLOGIA,FES IZTACALA,22503005,27,53,29,40,27
2026,control,licenciatura,escolarizado,2,ENFERMERIA,FACULTAD DE ENFERMERIA Y OBSTETRICIA,22000095,160,504,331,53,171
2026,control,licenciatura,escolarizado,2,ENFERMERIA,FES IZTACALA,22003005,130,640,401,50,168
2026,control,licenciatura,escolarizado,2,ENFERMERIA,FES ZARAGOZA,22005005,170,881,566,58,174
2026,control,licenciatura,escolarizado,2,ENFERMERIA,TLAXCALA,22000015,8,52,23,40,19
2026,control,licenciatura,escolarizado,2,ENFERMERIA Y OBSTETRICIA,FACULTAD DE ENFERMERIA Y OBSTETRICIA,20300095,70,434,235,58,75
2026,control,licenciatura,escolarizado,2,FARMACIA,FES CUAUTITLÁN,21901005,85,148,112,44,90
2026,control,licenciatura,escolarizado,2,FISIOTERAPIA,ESCUELA NAL. DE ESTUDIOS SUP. UNIDAD LEÓN,22106005,63,177,108,46,78
2026,control,licenciatura,escolarizado,2,INGENIERIA AGRICOLA,FES CUAUTITLÁN,20401005,69,127,78,40,65
2026,control,licenciatura,escolarizado,2,INGENIERIA EN ALIMENTOS,FES CUAUTITLÁN,20501005,121,234,166,40,146
2026,control,licenciatura,escolarizado,2,MANEJO SUSTENTABLE DE ZONAS COSTERAS,ESCUELA NAL. DE ESTUDIOS SUP. UNIDAD MÉRIDA,21708005,40,29,15,41,11
2026,control,licenciatura,escolarizado,2,MEDICINA VETERINARIA Y ZOOTECNIA,FACULTAD DE MEDICINA VETERINARIA Y ZOOTECNIA,20700165,85,669,438,77,128
2026,control,licenciatura,escolarizado,2,MEDICINA VETERINARIA Y ZOOTECNIA,FES CUAUTITLÁN,20701005,115,657,436,64,142
2026,control,licenciatura,escolarizado,2,MEDICO CIRUJANO,FACULTAD DE MEDICINA,20800125,176,1718,1111,92,312
2026,control,licenciatura,escolarizado,2,MEDICO CIRUJANO,FES IZTACALA,20803005,100,1264,810,84,212
2026,control,licenciatura,escolarizado,2,MEDICO CIRUJANO,FES ZARAGOZA,20805005,50,777,473,91,76
2026,control,licenciatura,escolarizado,2,NUTRIOLOGIA,FES ZARAGOZA,22705005,55,282,171,57,69
2026,control,licenciatura,escolarizado,2,ODONTOLOGIA,ESCUELA NAL. DE ESTUDIOS SUP. UNIDAD LEÓN,22206005,65,418,268,69,80
2026,control,licenciatura,escolarizado,2,OPTOMETRIA,ESCUELA NAL. DE ESTUDIOS SUP. UNIDAD LEÓN,20906005,39,45,35,40,29
2026,control,licenciatura,escolarizado,2,OPTOMETRIA,FES IZTACALA,20903005,37,115,74,49,42
2026,control,licenciatura,escolarizado,2,ORTESIS Y PROTESIS,ESCUELA NAL. DE ESTUDIOS SUP. UNIDAD JURIQUILLA,22810005,25,63,33,47,30
2026,control,licenciatura,escolarizado,2,PSICOLOGIA,ESCUELA NAL. DE ESTUDIOS SUP. UNIDAD JURIQUILLA,21010005,40,70,54,45,54
2026,control,licenciatura,escolarizado,2,PSICOLOGIA,FACULTAD DE PSICOLOGÍA,21000195,80,596,372,74,142
2026,control,licenciatura,abierta,2,PSICOLOGIA,FACULTAD DE PSICOLOGÍA,21000196,200,542,367,58,212
2026,control,licenciatura,escolarizado,2,PSICOLOGIA,FES IZTACALA,21003005,110,683,407,59,180
2026,control,licenciatura,escolarizado,2,PSICOLOGIA,FES ZARAGOZA,21005005,150,665,452,64,152
2026,control,licenciatura,escolarizado,2,PSICOLOGIA,TLAXCALA,21000015,8,41,21,48,15
2026,control,licenciatura,escolarizado,2,QUIMICA,FACULTAD DE QUÍMICA,21100055,32,88,63,80,37
2026,control,licenciatura,escolarizado,2,QUIMICA,FES CUAUTITLÁN,21101005,38,64,44,40,40
2026,control,licenciatura,escolarizado,2,QUIMICA DE ALIMENTOS,FACULTAD DE QUÍMICA,21200055,48,143,112,70,48
2026,control,licenciatura,escolarizado,2,QUIMICA FARMACEUTICO BIOLOGICA,FACULTAD DE QUÍMICA,21300055,60,333,226,79,111
2026,control,licenciatura,escolarizado,2,QUIMICA FARMACEUTICO BIOLOGICA,FES ZARAGOZA,21305005,55,261,165,65,84
2026,control,licenciatura,escolarizado,2,QUIMICA INDUSTRIAL,FES CUAUTITLÁN,21401005,60,157,87,45,65
2026,control,licenciatura,escolarizado,3,ADMINISTRACION,"ESCUELA NAL. DE ESTUDIOS SUP. OAXACA, OAX.",30111005,40,333,162,40,143
2026,control,licenciatura,escolarizado,3,ADMINISTRACION,ESCUELA NAL. DE ESTUDIOS SUP. UNIDAD MORELIA,30107005,45,27,10,42,8
2026,control,licenciatura,escolarizado,3,ADMINISTRACION,FACULTAD DE CONTADURÍA Y ADMINISTRACIÓN,30100065,390,2144,1222,67,457
2026,control,licenciatura,abierta,3,ADMINISTRACION,FACULTAD DE CONTADURÍA Y ADMINISTRACIÓN,30100066,80,334,199,65,84
2026,control,licenciatura,escolarizado,3,ADMINISTRACION,FES CUAUTITLÁN,30101005,240,525,344,43,271
2026,control,licenciatura,escolarizado,3,ADMINISTRACION AGROPECUARIA,ESCUELA NAL. DE ESTUDIOS SUP. UNIDAD LEÓN,31406005,35,32,26,40,20
2026,control,licenciatura,escolarizado,3,ANTROPOLOGIA,FACULTAD DE CIENCIAS POLÍTICAS Y SOCIALES,31900045,90,153,112,50,95
2026,control,licenciatura,escolarizado,3,CIENCIAS DE LA COMUNICACION,FACULTAD DE CIENCIAS POLÍTICAS Y SOCIALES,30200045,69,366,231,72,87
2026,control,licenciatura,abierta,3,CIENCIAS DE LA COMUNICACION,FACULTAD DE CIENCIAS POLÍTICAS Y SOCIALES,30200046,84,195,128,53,88
2026,control,licenciatura,escolarizado,3,CIENCIAS POLITICAS Y ADMON PUBLICA,FACULTAD DE CIENCIAS POLÍTICAS Y SOCIALES,30300045,61,221,138,63,70
2026,control,licenciatura,abierta,3,CIENCIAS POLITICAS Y ADMON PUBLICA,FACULTAD DE CIENCIAS POLÍTICAS Y SOCIALES,30300046,84,146,109,48,87
2026,control,licenciatura,escolarizado,3,CIENCIAS POLITICAS Y ADMON PUBLICA,FES ACATLÁN,30302005,70,245,165,52,94
2026,control,licenciatura,escolarizado,3,COMUNICACION,ESCUELA NAL. DE ESTUDIOS SUP. UNIDAD LEÓN,31506005,45,75,58,40,51
2026,control,licenciatura,escolarizado,3,COMUNICACION,FES ACATLÁN,31502005,80,458,336,59,171
2026,control,licenciatura,escolarizado,3,COMUNICACION Y PERIODISMO,FES ARAGÓN,31604005,145,596,435,55,248
2026,control,licenciatura,escolarizado,3,CONTADURIA,"ESCUELA NAL. DE ESTUDIOS SUP. OAXACA, OAX.",30411005,40,342,147,40,136
2026,control,licenciatura,escolarizado,3,CONTADURIA,FACULTAD DE CONTADURÍA Y ADMINISTRACIÓN,30400065,580,2087,1370,70,532
2026,control,licenciatura,abierta,3,CONTADURIA,FACULTAD DE CONTADURÍA Y ADMINISTRACIÓN,30400066,125,411,268,65,129
2026,control,licenciatura,escolarizado,3,CONTADURIA,FES CUAUTITLÁN,30401005,325,558,378,40,348
2026,control,licenciatura,escolarizado,3,DERECHO,ESCUELA NAL. DE ESTUDIOS SUP. UNIDAD MORELIA,30507005,45,79,48,40,45
2026,control,licenciatura,escolarizado,3,DERECHO,FACULTAD DE DERECHO,30500075,586,2129,1446,65,610
2026,control,licenciatura,abierta,3,DERECHO,FACULTAD DE DERECHO,30500076,360,505,427,40,395
2026,control,licenciatura,escolarizado,3,DERECHO,FES ACATLÁN,30502005,199,944,657,46,483
2026,control,licenciatura,abierta,3,DERECHO,FES ACATLÁN,30502006,130,182,147,40,135
2026,control,licenciatura,escolarizado,3,DERECHO,FES ARAGÓN,30504005,249,1437,938,49,575
2026,control,licenciatura,abierta,3,DERECHO,FES ARAGÓN,30504006,105,223,157,43,136
2026,control,licenciatura,escolarizado,3,DESARROLLO COMUNITARIO PARA EL ENVEJECIMIENTO,FES ZARAGOZA,31805005,50,58,46,43,35
2026,control,licenciatura,escolarizado,3,DESARROLLO COMUNITARIO PARA EL ENVEJECIMIENTO,TLAXCALA,31800015,50,1,0,0,0
2026,control,licenciatura,escolarizado,3,DESARROLLO TERRITORIAL,ESCUELA NAL. DE ESTUDIOS SUP. UNIDAD LEÓN,32006005,36,7,6,52,6
2026,control,licenciatura,escolarizado,3,ECONOMIA,FACULTAD DE ECONOMÍA,30600085,475,1143,772,62,491
2026,control,licenciatura,abierta,3,ECONOMIA,FACULTAD DE ECONOMÍA,30600086,110,213,147,54,114
2026,control,licenciatura,escolarizado,3,ECONOMIA,FES ACATLÁN,30602005,140,343,240,54,149
2026,control,licenciatura,escolarizado,3,ECONOMIA,FES ARAGÓN,30604005,130,389,244,58,134
2026,control,licenciatura,abierta,3,ECONOMIA,FES ARAGÓN,30604006,55,105,70,47,56
2026,control,licenciatura,escolarizado,3,ECONOMIA INDUSTRIAL,ESCUELA NAL. DE ESTUDIOS SUP. UNIDAD LEÓN,31306005,70,78,65,41,63
2026,control,licenciatura,escolarizado,3,ESTUDIOS SOCIALES Y GESTION LOCAL,ESCUELA NAL. DE ESTUDIOS SUP. UNIDAD MORELIA,31707005,40,14,7,46,7
2026,control,licenciatura,escolarizado,3,GEOGRAFIA,FACULTAD DE FILOSOFÍA Y LETRAS,30700105,35,75,64,42,58
2026,control,licenciatura,abierta,3,GEOGRAFIA,FACULTAD DE FILOSOFÍA Y LETRAS,30700106,31,47,36,42,34
2026,control,licenciatura,escolarizado,3,GEOGRAFIA APLICADA,ESCUELA NACIONAL DE CIENCIAS DE LA TIERRA,32200175,30,22,16,40,15
2026,control,licenciatura,escolarizado,3,GEOGRAFIA APLICADA,ESCUELA NAL. DE ESTUDIOS SUP. UNIDAD MÉRIDA,32208005,23,7,4,54,3
2026,control,licenciatura,escolarizado,3,INFORMATICA,FES CUAUTITLÁN,30801005,75,127,94,43,83
2026,control,licenciatura,escolarizado,3,PLANIF PARA EL DESARROLLO AGROPECUARIO,FES ARAGÓN,30904005,97,72,58,40,44
2026,control,licenciatura,escolarizado,3,RELACIONES INTERNACIONALES,ESCUELA NAL. DE ESTUDIOS SUP. UNIDAD LEÓN,31006005,45,78,66,40,63
2026,control,licenciatura,escolarizado,3,RELACIONES INTERNACIONALES,FACULTAD DE CIENCIAS POLÍTICAS Y SOCIALES,31000045,39,255,133,75,49
2026,control,licenciatura,abierta,3,RELACIONES INTERNACIONALES,FACULTAD DE CIENCIAS POLÍTICAS Y SOCIALES,31000046,43,117,71,57,44
2026,control,licenciatura,escolarizado,3,RELACIONES INTERNACIONALES,FES ACATLÁN,31002005,63,374,227,57,108
2026,control,licenciatura,abierta,3,RELACIONES INTERNACIONALES,FES ACATLÁN,31002006,88,117,92,40,86
2026,control,licenciatura,escolarizado,3,RELACIONES INTERNACIONALES,FES ARAGÓN,31004005,82,428,243,62,103
2026,control,licenciatura,abierta,3,RELACIONES INTERNACIONALES,FES ARAGÓN,31004006,60,116,75,43,67
2026,control,licenciatura,escolarizado,3,SOCIOLOGIA,FACULTAD DE CIENCIAS POLÍTICAS Y SOCIALES,31100045,66,147,111,65,67
2026,control,licenciatura,abierta,3,SOCIOLOGIA,FACULTAD DE CIENCIAS POLÍTICAS Y SOCIALES,31100046,42,82,55,44,54
2026,control,licenciatura,escolarizado,3,SOCIOLOGIA,FES ACATLÁN,31102005,80,106,92,40,81
2026,control,licenciatura,escolarizado,3,SOCIOLOGIA,FES ARAGÓN,31104005,47,119,95,40,84
2026,control,licenciatura,escolarizado,3,SOCIOLOGIA APLICADA,ESCUELA NAL. DE ESTUDIOS SUP. UNIDAD MÉRIDA,32408005,25,23,18,41,18
2026,control,licenciatura,escolarizado,3,TRABAJO SOCIAL,ESCUELA NACIONAL DE TRABAJO SOCIAL,31200155,340,450,394,40,332
2026,control,licenciatura,abierta,3,TRABAJO SOCIAL,ESCUELA NACIONAL DE TRABAJO SOCIAL,31200156,35,71,50,47,36
2026,control,licenciatura,escolarizado,3,TURISMO Y DESARROLLO SOSTENIBLE,ESCUELA NAL. DE ESTUDIOS SUP. UNIDAD LEÓN,32306005,45,44,28,40,25
2026,control,licenciatura,escolarizado,4,ADMINISTRACION DE ARCHIVOS Y GESTION DOCUMENTAL,FACULTAD DE FILOSOFÍA Y LETRAS,43700105,15,41,27,48,18
2026,control,licenciatura,escolarizado,4,ARTE Y DISEÑO,ESCUELA NAL. DE ESTUDIOS SUP. UNIDAD MORELIA,43407005,75,108,86,40,79
2026,control,licenciatura,escolarizado,4,ARTE Y DISEÑO,"PLANTEL TAXCO, GRO",43402055,45,63,36,40,36
2026,control,licenciatura,escolarizado,4,ARTES VISUALES,FACULTAD DE ARTES Y DISEÑO,40100025,90,198,161,61,103
2026,control,licenciatura,escolarizado,4,BIBLIOTECOLOGIA Y ESTUDIOS DE LA INFORMACION,FACULTAD DE FILOSOFÍA Y LETRAS,40200105,55,98,76,40,68
2026,control,licenciatura,escolarizado,4,CANTO,FACULTAD DE MÚSICA,40300135,19,24,8,52,6
2026,control,licenciatura,escolarizado,4,COMPOSICION,FACULTAD DE MÚSICA,40400135,21,35,13,45,13
2026,control,licenciatura,escolarizado,4,DESARROLLO Y GESTION INTERCULTURALES,ESCUELA NAL. DE ESTUDIOS SUP. UNIDAD LEÓN,42906005,36,11,9,47,8
2026,control,licenciatura,escolarizado,4,DESARROLLO Y GESTION INTERCULTURALES,ESCUELA NAL. DE ESTUDIOS SUP. UNIDAD MÉRIDA,42908005,29,15,8,46,8
2026,control,licenciatura,escolarizado,4,DESARROLLO Y GESTION INTERCULTURALES,FACULTAD DE FILOSOFÍA Y LETRAS,42900105,17,27,21,54,17
2026,control,licenciatura,escolarizado,4,DISEÑO GRAFICO,FES ACATLÁN,40602005,36,157,91,62,45
2026,control,licenciatura,escolarizado,4,DISEÑO Y COMUNICACION VISUAL,FACULTAD DE ARTES Y DISEÑO,40500025,50,166,112,65,65
2026,control,licenciatura,escolarizado,4,DISEÑO Y COMUNICACION VISUAL,FES CUAUTITLÁN,40501005,30,121,81,64,37
2026,control,licenciatura,escolarizado,4,EDUCACION MUSICAL,FACULTAD DE MÚSICA,40700135,28,18,9,46,9
2026,control,licenciatura,escolarizado,4,ENSEÑANZA DE INGLES,FES ACATLÁN,40802005,98,130,68,40,67
2026,control,licenciatura,escolarizado,4,ESTUDIOS LATINOAMERICANOS,FACULTAD DE FILOSOFÍA Y LETRAS,40900105,38,85,70,40,68
2026,control,licenciatura,escolarizado,4,ETNOMUSICOLOGIA,FACULTAD DE MÚSICA,41000135,20,8,3,46,3
2026,control,licenciatura,escolarizado,4,FILOSOFIA,FACULTAD DE FILOSOFÍA Y LETRAS,41100105,50,96,73,43,71
2026,control,licenciatura,abierta,4,FILOSOFIA,FACULTAD DE FILOSOFÍA Y LETRAS,41100106,50,114,77,50,73
2026,control,licenciatura,escolarizado,4,FILOSOFIA,FES ACATLÁN,41102005,77,70,64,40,59
2026,control,licenciatura,escolarizado,4,GEOHISTORIA,ESCUELA NAL. DE ESTUDIOS SUP. UNIDAD MORELIA,43107005,40,6,4,60,4
2026,control,licenciatura,escolarizado,4,HISTORIA,"ESCUELA NAL. DE ESTUDIOS SUP. OAXACA, OAX.",41211005,20,29,21,46,21
2026,control,licenciatura,escolarizado,4,HISTORIA,FACULTAD DE FILOSOFÍA Y LETRAS,41200105,35,157,110,54,87
2026,control,licenciatura,abierta,4,HISTORIA,FACULTAD DE FILOSOFÍA Y LETRAS,41200106,47,127,85,60,69
2026,control,licenciatura,escolarizado,4,HISTORIA,FES ACATLÁN,41202005,47,83,76,40,72
2026,control,licenciatura,escolarizado,4,HISTORIA DEL ARTE,ESCUELA NAL. DE ESTUDIOS SUP. UNIDAD MORELIA,43307005,40,18,13,45,13
2026,control,licenciatura,escolarizado,4,INSTRUMENTISTA,FACULTAD DE MÚSICA,41300135,102,66,45,40,44
2026,control,licenciatura,escolarizado,4,LENGUA Y LITERATURAS HISPANICAS,FACULTAD DE FILOSOFÍA Y LETRAS,41400105,45,106,88,42,87
2026,control,licenciatura,abierta,4,LENGUA Y LITERATURAS HISPANICAS,FACULTAD DE FILOSOFÍA Y LETRAS,41400106,95,109,87,47,87
2026,control,licenciatura,escolarizado,4,LENGUA Y LITERATURAS HISPANICAS,FES ACATLÁN,41402005,45,58,55,42,53
2026,control,licenciatura,escolarizado,4,LENGUA Y LITERATURAS MODERNAS (LETRAS ALEMANAS),FACULTAD DE FILOSOFÍA Y LETRAS,41500105,27,5,5,54,5
2026,control,licenciatura,escolarizado,4,LENGUA Y LITERATURAS MODERNAS (LETRAS FRANCESAS),FACULTAD DE FILOSOFÍA Y LETRAS,41600105,37,7,6,52,5
2026,control,licenciatura,escolarizado,4,LENGUA Y LITERATURAS MODERNAS (LETRAS INGLESAS),FACULTAD DE FILOSOFÍA Y LETRAS,41700105,125,70,30,40,30
2026,control,licenciatura,abierta,4,LENGUA Y LITERATURAS MODERNAS (LETRAS INGLESAS),FACULTAD DE FILOSOFÍA Y LETRAS,41700106,16,26,16,41,16
2026,control,licenciatura,escolarizado,4,LENGUA Y LITERATURAS MODERNAS (LETRAS ITALIANAS),FACULTAD DE FILOSOFÍA Y LETRAS,41800105,23,20,16,43,15
2026,control,licenciatura,escolarizado,4,LENGUA Y LITERATURAS MODERNAS (LETRAS PORTUGUESAS),FACULTAD DE FILOSOFÍA Y LETRAS,43000105,19,7,4,49,3
2026,control,licenciatura,escolarizado,4,LETRAS CLASICAS,FACULTAD DE FILOSOFÍA Y LETRAS,41900105,20,33,28,50,27
2026,control,licenciatura,escolarizado,4,LINGÜISTICA APLICADA,"ESCUELA NACIONAL DE LENGUAS, LINGÜÍSTICA Y TRADUCCIÓN",43900425,40,66,37,52,35
2026,control,licenciatura,escolarizado,4,LITERATURA DRAMATICA Y TEATRO,FACULTAD DE FILOSOFÍA Y LETRAS,42000105,32,79,59,70,36
2026,control,licenciatura,escolarizado,4,LITERATURA INTERCULTURAL,ESCUELA NAL. DE ESTUDIOS SUP. UNIDAD MORELIA,43207005,40,14,10,45,10
2026,control,licenciatura,escolarizado,4,MUSICA Y TECNOLOGIA ARTISTICA,ESCUELA NAL. DE ESTUDIOS SUP. UNIDAD MORELIA,43807005,25,32,20,44,20
2026,control,licenciatura,escolarizado,4,PEDAGOGIA,FACULTAD DE FILOSOFÍA Y LETRAS,42100105,150,509,310,52,164
2026,control,licenciatura,abierta,4,PEDAGOGIA,FACULTAD DE FILOSOFÍA Y LETRAS,42100106,50,359,198,60,87
2026,control,licenciatura,escolarizado,4,PEDAGOGIA,FES ACATLÁN,42102005,85,314,196,48,114
2026,control,licenciatura,escolarizado,4,PEDAGOGIA,FES ARAGÓN,42104005,135,551,318,49,162
2026,control,licenciatura,escolarizado,4,PIANO,FACULTAD DE MÚSICA,42200135,33,20,16,49,16
2026,control,licenciatura,escolarizado,4,TEATRO Y ACTUACION,FACULTAD DE MÚSICA,43600135,174,300,213,47,187
2026,control,licenciatura,escolarizado,4,TRADUCCION,"ESCUELA NACIONAL DE LENGUAS, LINGÜÍSTICA Y TRADUCCIÓN",44000425,19,47,31,76,25
2026,control,licenciatura,escolarizado,4,TRADUCCION,"SAN MIGUEL DE ALLENDE, GUANAJUATO",44000305,32,14,12,58,12
2026,control,suayed,suayed,2,PSICOLOGIA,FES IZTACALA,21003006,600,1471,750,46,619
2026,control,suayed,suayed,3,ADMINISTRACION,FACULTAD DE CONTADURÍA Y ADMINISTRACIÓN,30100066,180,602,322,60,206
2026,control,suayed,suayed,3,CIENCIAS DE LA COMUNICACION,FACULTAD DE CIENCIAS POLÍTICAS Y SOCIALES,30200046,210,270,189,40,175
2026,control,suayed,suayed,3,CIENCIAS POLITICAS Y ADMON PUBLICA,FACULTAD DE CIENCIAS POLÍTICAS Y SOCIALES,30300046,185,295,164,41,154
2026,control,suayed,suayed,3,CONTADURIA,FACULTAD DE CONTADURÍA Y ADMINISTRACIÓN,30400066,185,681,360,68,221
2026,control,suayed,suayed,3,DERECHO,FACULTAD DE DERECHO,30500076,440,1162,577,47,469
2026,control,suayed,suayed,3,ECONOMIA,FACULTAD DE ECONOMÍA,30600086,215,438,232,40,225
2026,control,suayed,suayed,3,RELACIONES INTERNACIONALES,FACULTAD DE CIENCIAS POLÍTICAS Y SOCIALES,31000046,130,295,147,45,137
2026,control,suayed,suayed,3,SOCIOLOGIA,FACULTAD DE CIENCIAS POLÍTICAS Y SOCIALES,31100046,135,194,111,41,106
2026,control,suayed,suayed,3,TRABAJO SOCIAL,ESCUELA NACIONAL DE TRABAJO SOCIAL,31200156,140,205,144,40,122
2026,control,suayed,suayed,4,ADMINISTRACION DE ARCHIVOS Y GESTION DOCUMENTAL,ESCUELA NAL. DE ESTUDIOS SUP. UNIDAD MORELIA,43707006,60,75,53,40,50
2026,control,suayed,suayed,4,DISEÑO Y COMUNICACION VISUAL,FES CUAUTITLÁN,40501006,135,333,219,43,205
2026,control,suayed,suayed,4,ENSEÑANZA DE ESPAÑOL COMO LENGUA EXTRANJERA,FES ACATLÁN,42502006,59,50,28,40,28
2026,control,suayed,suayed,4,ENSEÑANZA DE INGLES COMO LENGUA EXTRANJERA,FES ACATLÁN,42702006,59,125,45,42,42
